title,text,label
Verified News Report 1,"Government agency released an official report about infrastructure, education, healthcare, and public services update number 1.",REAL
Verified News Report 2,"Government agency released an official report about infrastructure, education, healthcare, and public services update number 2.",REAL
Verified News Report 3,"Government agency released an official report about infrastructure, education, healthcare, and public services update number 3.",REAL
Verified News Report 4,"Government agency released an official report about infrastructure, education, healthcare, and public services update number 4.",REAL
Verified News Report 5,"Government agency released an official report about infrastructure, education, healthcare, and public services update number 5.",REAL
Verified News Report 6,"Government agency released an official report about infrastructure, education, healthcare, and public services update number 6.",REAL
Verified News Report 7,"Government agency released an official report about infrastructure, education, healthcare, and public services update number 7.",REAL
Verified News Report 8,"Government agency released an official report about infrastructure, education, healthcare, and public services update number 8.",REAL
Verified News Report 9,"Government agency released an official report about infrastructure, education, healthcare, and public services update number 9.",REAL
Verified News Report 10,"Government agency released an official report about infrastructure, education, healthcare, and public services update number 10.",REAL
Verified News Report 11,"Government agency released an official report about infrastructure, education, healthcare, and public services update number 11.",REAL
Verified News Report 12,"Government agency released an official report about infrastructure, education, healthcare, and public services update number 12.",REAL
Verified News Report 13,"Government agency released an official report about infrastructure, education, healthcare, and public services update number 13.",REAL
Verified News Report 14,"Government agency released an official report about infrastructure, education, healthcare, and public services update number 14.",REAL
Verified News Report 15,"Government agency released an official report about infrastructure, education, healthcare, and public services update number 15.",REAL
Verified News Report 16,"Government agency released an official report about infrastructure, education, healthcare, and public services update number 16.",REAL
Verified News Report 17,"Government agency released an official report about infrastructure, education, healthcare, and public services update number 17.",REAL
Verified News Report 18,"Government agency released an official report about infrastructure, education, healthcare, and public services update number 18.",REAL
Verified News Report 19,"Government agency released an official report about infrastructure, education, healthcare, and public services update number 19.",REAL
Verified News Report 20,"Government agency released an official report about infrastructure, education, healthcare, and public services update number 20.",REAL
Verified News Report 21,"Government agency released an official report about infrastructure, education, healthcare, and public services update number 21.",REAL
Verified News Report 22,"Government agency released an official report about infrastructure, education, healthcare, and public services update number 22.",REAL
Verified News Report 23,"Government agency released an official report about infrastructure, education, healthcare, and public services update number 23.",REAL
Verified News Report 24,"Government agency released an official report about infrastructure, education, healthcare, and public services update number 24.",REAL
Verified News Report 25,"Government agency released an official report about infrastructure, education, healthcare, and public services update number 25.",REAL
Verified News Report 26,"Government agency released an official report about infrastructure, education, healthcare, and public services update number 26.",REAL
Verified News Report 27,"Government agency released an official report about infrastructure, education, healthcare, and public services update number 27.",REAL
Verified News Report 28,"Government agency released an official report about infrastructure, education, healthcare, and public services update number 28.",REAL
Verified News Report 29,"Government agency released an official report about infrastructure, education, healthcare, and public services update number 29.",REAL
Verified News Report 30,"Government agency released an official report about infrastructure, education, healthcare, and public services update number 30.",REAL
Verified News Report 31,"Government agency released an official report about infrastructure, education, healthcare, and public services update number 31.",REAL
Verified News Report 32,"Government agency released an official report about infrastructure, education, healthcare, and public services update number 32.",REAL
Verified News Report 33,"Government agency released an official report about infrastructure, education, healthcare, and public services update number 33.",REAL
Verified News Report 34,"Government agency released an official report about infrastructure, education, healthcare, and public services update number 34.",REAL
Verified News Report 35,"Government agency released an official report about infrastructure, education, healthcare, and public services update number 35.",REAL
Verified News Report 36,"Government agency released an official report about infrastructure, education, healthcare, and public services update number 36.",REAL
Verified News Report 37,"Government agency released an official report about infrastructure, education, healthcare, and public services update number 37.",REAL
Verified News Report 38,"Government agency released an official report about infrastructure, education, healthcare, and public services update number 38.",REAL
Verified News Report 39,"Government agency released an official report about infrastructure, education, healthcare, and public services update number 39.",REAL
Verified News Report 40,"Government agency released an official report about infrastructure, education, healthcare, and public services update number 40.",REAL
Verified News Report 41,"Government agency released an official report about infrastructure, education, healthcare, and public services update number 41.",REAL
Verified News Report 42,"Government agency released an official report about infrastructure, education, healthcare, and public services update number 42.",REAL
Verified News Report 43,"Government agency released an official report about infrastructure, education, healthcare, and public services update number 43.",REAL
Verified News Report 44,"Government agency released an official report about infrastructure, education, healthcare, and public services update number 44.",REAL
Verified News Report 45,"Government agency released an official report about infrastructure, education, healthcare, and public services update number 45.",REAL
Verified News Report 46,"Government agency released an official report about infrastructure, education, healthcare, and public services update number 46.",REAL
Verified News Report 47,"Government agency released an official report about infrastructure, education, healthcare, and public services update number 47.",REAL
Verified News Report 48,"Government agency released an official report about infrastructure, education, healthcare, and public services update number 48.",REAL
Verified News Report 49,"Government agency released an official report about infrastructure, education, healthcare, and public services update number 49.",REAL
Verified News Report 50,"Government agency released an official report about infrastructure, education, healthcare, and public services update number 50.",REAL
Verified News Report 51,"Government agency released an official report about infrastructure, education, healthcare, and public services update number 51.",REAL
Verified News Report 52,"Government agency released an official report about infrastructure, education, healthcare, and public services update number 52.",REAL
Verified News Report 53,"Government agency released an official report about infrastructure, education, healthcare, and public services update number 53.",REAL
Verified News Report 54,"Government agency released an official report about infrastructure, education, healthcare, and public services update number 54.",REAL
Verified News Report 55,"Government agency released an official report about infrastructure, education, healthcare, and public services update number 55.",REAL
Verified News Report 56,"Government agency released an official report about infrastructure, education, healthcare, and public services update number 56.",REAL
Verified News Report 57,"Government agency released an official report about infrastructure, education, healthcare, and public services update number 57.",REAL
Verified News Report 58,"Government agency released an official report about infrastructure, education, healthcare, and public services update number 58.",REAL
Verified News Report 59,"Government agency released an official report about infrastructure, education, healthcare, and public services update number 59.",REAL
Verified News Report 60,"Government agency released an official report about infrastructure, education, healthcare, and public services update number 60.",REAL
Verified News Report 61,"Government agency released an official report about infrastructure, education, healthcare, and public services update number 61.",REAL
Verified News Report 62,"Government agency released an official report about infrastructure, education, healthcare, and public services update number 62.",REAL
Verified News Report 63,"Government agency released an official report about infrastructure, education, healthcare, and public services update number 63.",REAL
Verified News Report 64,"Government agency released an official report about infrastructure, education, healthcare, and public services update number 64.",REAL
Verified News Report 65,"Government agency released an official report about infrastructure, education, healthcare, and public services update number 65.",REAL
Verified News Report 66,"Government agency released an official report about infrastructure, education, healthcare, and public services update number 66.",REAL
Verified News Report 67,"Government agency released an official report about infrastructure, education, healthcare, and public services update number 67.",REAL
Verified News Report 68,"Government agency released an official report about infrastructure, education, healthcare, and public services update number 68.",REAL
Verified News Report 69,"Government agency released an official report about infrastructure, education, healthcare, and public services update number 69.",REAL
Verified News Report 70,"Government agency released an official report about infrastructure, education, healthcare, and public services update number 70.",REAL
Verified News Report 71,"Government agency released an official report about infrastructure, education, healthcare, and public services update number 71.",REAL
Verified News Report 72,"Government agency released an official report about infrastructure, education, healthcare, and public services update number 72.",REAL
Verified News Report 73,"Government agency released an official report about infrastructure, education, healthcare, and public services update number 73.",REAL
Verified News Report 74,"Government agency released an official report about infrastructure, education, healthcare, and public services update number 74.",REAL
Verified News Report 75,"Government agency released an official report about infrastructure, education, healthcare, and public services update number 75.",REAL
Verified News Report 76,"Government agency released an official report about infrastructure, education, healthcare, and public services update number 76.",REAL
Verified News Report 77,"Government agency released an official report about infrastructure, education, healthcare, and public services update number 77.",REAL
Verified News Report 78,"Government agency released an official report about infrastructure, education, healthcare, and public services update number 78.",REAL
Verified News Report 79,"Government agency released an official report about infrastructure, education, healthcare, and public services update number 79.",REAL
Verified News Report 80,"Government agency released an official report about infrastructure, education, healthcare, and public services update number 80.",REAL
Verified News Report 81,"Government agency released an official report about infrastructure, education, healthcare, and public services update number 81.",REAL
Verified News Report 82,"Government agency released an official report about infrastructure, education, healthcare, and public services update number 82.",REAL
Verified News Report 83,"Government agency released an official report about infrastructure, education, healthcare, and public services update number 83.",REAL
Verified News Report 84,"Government agency released an official report about infrastructure, education, healthcare, and public services update number 84.",REAL
Verified News Report 85,"Government agency released an official report about infrastructure, education, healthcare, and public services update number 85.",REAL
Verified News Report 86,"Government agency released an official report about infrastructure, education, healthcare, and public services update number 86.",REAL
Verified News Report 87,"Government agency released an official report about infrastructure, education, healthcare, and public services update number 87.",REAL
Verified News Report 88,"Government agency released an official report about infrastructure, education, healthcare, and public services update number 88.",REAL
Verified News Report 89,"Government agency released an official report about infrastructure, education, healthcare, and public services update number 89.",REAL
Verified News Report 90,"Government agency released an official report about infrastructure, education, healthcare, and public services update number 90.",REAL
Verified News Report 91,"Government agency released an official report about infrastructure, education, healthcare, and public services update number 91.",REAL
Verified News Report 92,"Government agency released an official report about infrastructure, education, healthcare, and public services update number 92.",REAL
Verified News Report 93,"Government agency released an official report about infrastructure, education, healthcare, and public services update number 93.",REAL
Verified News Report 94,"Government agency released an official report about infrastructure, education, healthcare, and public services update number 94.",REAL
Verified News Report 95,"Government agency released an official report about infrastructure, education, healthcare, and public services update number 95.",REAL
Verified News Report 96,"Government agency released an official report about infrastructure, education, healthcare, and public services update number 96.",REAL
Verified News Report 97,"Government agency released an official report about infrastructure, education, healthcare, and public services update number 97.",REAL
Verified News Report 98,"Government agency released an official report about infrastructure, education, healthcare, and public services update number 98.",REAL
Verified News Report 99,"Government agency released an official report about infrastructure, education, healthcare, and public services update number 99.",REAL
Verified News Report 100,"Government agency released an official report about infrastructure, education, healthcare, and public services update number 100.",REAL
Verified News Report 101,"Government agency released an official report about infrastructure, education, healthcare, and public services update number 101.",REAL
Verified News Report 102,"Government agency released an official report about infrastructure, education, healthcare, and public services update number 102.",REAL
Verified News Report 103,"Government agency released an official report about infrastructure, education, healthcare, and public services update number 103.",REAL
Verified News Report 104,"Government agency released an official report about infrastructure, education, healthcare, and public services update number 104.",REAL
Verified News Report 105,"Government agency released an official report about infrastructure, education, healthcare, and public services update number 105.",REAL
Verified News Report 106,"Government agency released an official report about infrastructure, education, healthcare, and public services update number 106.",REAL
Verified News Report 107,"Government agency released an official report about infrastructure, education, healthcare, and public services update number 107.",REAL
Verified News Report 108,"Government agency released an official report about infrastructure, education, healthcare, and public services update number 108.",REAL
Verified News Report 109,"Government agency released an official report about infrastructure, education, healthcare, and public services update number 109.",REAL
Verified News Report 110,"Government agency released an official report about infrastructure, education, healthcare, and public services update number 110.",REAL
Verified News Report 111,"Government agency released an official report about infrastructure, education, healthcare, and public services update number 111.",REAL
Verified News Report 112,"Government agency released an official report about infrastructure, education, healthcare, and public services update number 112.",REAL
Verified News Report 113,"Government agency released an official report about infrastructure, education, healthcare, and public services update number 113.",REAL
Verified News Report 114,"Government agency released an official report about infrastructure, education, healthcare, and public services update number 114.",REAL
Verified News Report 115,"Government agency released an official report about infrastructure, education, healthcare, and public services update number 115.",REAL
Verified News Report 116,"Government agency released an official report about infrastructure, education, healthcare, and public services update number 116.",REAL
Verified News Report 117,"Government agency released an official report about infrastructure, education, healthcare, and public services update number 117.",REAL
Verified News Report 118,"Government agency released an official report about infrastructure, education, healthcare, and public services update number 118.",REAL
Verified News Report 119,"Government agency released an official report about infrastructure, education, healthcare, and public services update number 119.",REAL
Verified News Report 120,"Government agency released an official report about infrastructure, education, healthcare, and public services update number 120.",REAL
Verified News Report 121,"Government agency released an official report about infrastructure, education, healthcare, and public services update number 121.",REAL
Verified News Report 122,"Government agency released an official report about infrastructure, education, healthcare, and public services update number 122.",REAL
Verified News Report 123,"Government agency released an official report about infrastructure, education, healthcare, and public services update number 123.",REAL
Verified News Report 124,"Government agency released an official report about infrastructure, education, healthcare, and public services update number 124.",REAL
Verified News Report 125,"Government agency released an official report about infrastructure, education, healthcare, and public services update number 125.",REAL
Verified News Report 126,"Government agency released an official report about infrastructure, education, healthcare, and public services update number 126.",REAL
Verified News Report 127,"Government agency released an official report about infrastructure, education, healthcare, and public services update number 127.",REAL
Verified News Report 128,"Government agency released an official report about infrastructure, education, healthcare, and public services update number 128.",REAL
Verified News Report 129,"Government agency released an official report about infrastructure, education, healthcare, and public services update number 129.",REAL
Verified News Report 130,"Government agency released an official report about infrastructure, education, healthcare, and public services update number 130.",REAL
Verified News Report 131,"Government agency released an official report about infrastructure, education, healthcare, and public services update number 131.",REAL
Verified News Report 132,"Government agency released an official report about infrastructure, education, healthcare, and public services update number 132.",REAL
Verified News Report 133,"Government agency released an official report about infrastructure, education, healthcare, and public services update number 133.",REAL
Verified News Report 134,"Government agency released an official report about infrastructure, education, healthcare, and public services update number 134.",REAL
Verified News Report 135,"Government agency released an official report about infrastructure, education, healthcare, and public services update number 135.",REAL
Verified News Report 136,"Government agency released an official report about infrastructure, education, healthcare, and public services update number 136.",REAL
Verified News Report 137,"Government agency released an official report about infrastructure, education, healthcare, and public services update number 137.",REAL
Verified News Report 138,"Government agency released an official report about infrastructure, education, healthcare, and public services update number 138.",REAL
Verified News Report 139,"Government agency released an official report about infrastructure, education, healthcare, and public services update number 139.",REAL
Verified News Report 140,"Government agency released an official report about infrastructure, education, healthcare, and public services update number 140.",REAL
Verified News Report 141,"Government agency released an official report about infrastructure, education, healthcare, and public services update number 141.",REAL
Verified News Report 142,"Government agency released an official report about infrastructure, education, healthcare, and public services update number 142.",REAL
Verified News Report 143,"Government agency released an official report about infrastructure, education, healthcare, and public services update number 143.",REAL
Verified News Report 144,"Government agency released an official report about infrastructure, education, healthcare, and public services update number 144.",REAL
Verified News Report 145,"Government agency released an official report about infrastructure, education, healthcare, and public services update number 145.",REAL
Verified News Report 146,"Government agency released an official report about infrastructure, education, healthcare, and public services update number 146.",REAL
Verified News Report 147,"Government agency released an official report about infrastructure, education, healthcare, and public services update number 147.",REAL
Verified News Report 148,"Government agency released an official report about infrastructure, education, healthcare, and public services update number 148.",REAL
Verified News Report 149,"Government agency released an official report about infrastructure, education, healthcare, and public services update number 149.",REAL
Verified News Report 150,"Government agency released an official report about infrastructure, education, healthcare, and public services update number 150.",REAL
Verified News Report 151,"Government agency released an official report about infrastructure, education, healthcare, and public services update number 151.",REAL
Verified News Report 152,"Government agency released an official report about infrastructure, education, healthcare, and public services update number 152.",REAL
Verified News Report 153,"Government agency released an official report about infrastructure, education, healthcare, and public services update number 153.",REAL
Verified News Report 154,"Government agency released an official report about infrastructure, education, healthcare, and public services update number 154.",REAL
Verified News Report 155,"Government agency released an official report about infrastructure, education, healthcare, and public services update number 155.",REAL
Verified News Report 156,"Government agency released an official report about infrastructure, education, healthcare, and public services update number 156.",REAL
Verified News Report 157,"Government agency released an official report about infrastructure, education, healthcare, and public services update number 157.",REAL
Verified News Report 158,"Government agency released an official report about infrastructure, education, healthcare, and public services update number 158.",REAL
Verified News Report 159,"Government agency released an official report about infrastructure, education, healthcare, and public services update number 159.",REAL
Verified News Report 160,"Government agency released an official report about infrastructure, education, healthcare, and public services update number 160.",REAL
Verified News Report 161,"Government agency released an official report about infrastructure, education, healthcare, and public services update number 161.",REAL
Verified News Report 162,"Government agency released an official report about infrastructure, education, healthcare, and public services update number 162.",REAL
Verified News Report 163,"Government agency released an official report about infrastructure, education, healthcare, and public services update number 163.",REAL
Verified News Report 164,"Government agency released an official report about infrastructure, education, healthcare, and public services update number 164.",REAL
Verified News Report 165,"Government agency released an official report about infrastructure, education, healthcare, and public services update number 165.",REAL
Verified News Report 166,"Government agency released an official report about infrastructure, education, healthcare, and public services update number 166.",REAL
Verified News Report 167,"Government agency released an official report about infrastructure, education, healthcare, and public services update number 167.",REAL
Verified News Report 168,"Government agency released an official report about infrastructure, education, healthcare, and public services update number 168.",REAL
Verified News Report 169,"Government agency released an official report about infrastructure, education, healthcare, and public services update number 169.",REAL
Verified News Report 170,"Government agency released an official report about infrastructure, education, healthcare, and public services update number 170.",REAL
Verified News Report 171,"Government agency released an official report about infrastructure, education, healthcare, and public services update number 171.",REAL
Verified News Report 172,"Government agency released an official report about infrastructure, education, healthcare, and public services update number 172.",REAL
Verified News Report 173,"Government agency released an official report about infrastructure, education, healthcare, and public services update number 173.",REAL
Verified News Report 174,"Government agency released an official report about infrastructure, education, healthcare, and public services update number 174.",REAL
Verified News Report 175,"Government agency released an official report about infrastructure, education, healthcare, and public services update number 175.",REAL
Verified News Report 176,"Government agency released an official report about infrastructure, education, healthcare, and public services update number 176.",REAL
Verified News Report 177,"Government agency released an official report about infrastructure, education, healthcare, and public services update number 177.",REAL
Verified News Report 178,"Government agency released an official report about infrastructure, education, healthcare, and public services update number 178.",REAL
Verified News Report 179,"Government agency released an official report about infrastructure, education, healthcare, and public services update number 179.",REAL
Verified News Report 180,"Government agency released an official report about infrastructure, education, healthcare, and public services update number 180.",REAL
Verified News Report 181,"Government agency released an official report about infrastructure, education, healthcare, and public services update number 181.",REAL
Verified News Report 182,"Government agency released an official report about infrastructure, education, healthcare, and public services update number 182.",REAL
Verified News Report 183,"Government agency released an official report about infrastructure, education, healthcare, and public services update number 183.",REAL
Verified News Report 184,"Government agency released an official report about infrastructure, education, healthcare, and public services update number 184.",REAL
Verified News Report 185,"Government agency released an official report about infrastructure, education, healthcare, and public services update number 185.",REAL
Verified News Report 186,"Government agency released an official report about infrastructure, education, healthcare, and public services update number 186.",REAL
Verified News Report 187,"Government agency released an official report about infrastructure, education, healthcare, and public services update number 187.",REAL
Verified News Report 188,"Government agency released an official report about infrastructure, education, healthcare, and public services update number 188.",REAL
Verified News Report 189,"Government agency released an official report about infrastructure, education, healthcare, and public services update number 189.",REAL
Verified News Report 190,"Government agency released an official report about infrastructure, education, healthcare, and public services update number 190.",REAL
Verified News Report 191,"Government agency released an official report about infrastructure, education, healthcare, and public services update number 191.",REAL
Verified News Report 192,"Government agency released an official report about infrastructure, education, healthcare, and public services update number 192.",REAL
Verified News Report 193,"Government agency released an official report about infrastructure, education, healthcare, and public services update number 193.",REAL
Verified News Report 194,"Government agency released an official report about infrastructure, education, healthcare, and public services update number 194.",REAL
Verified News Report 195,"Government agency released an official report about infrastructure, education, healthcare, and public services update number 195.",REAL
Verified News Report 196,"Government agency released an official report about infrastructure, education, healthcare, and public services update number 196.",REAL
Verified News Report 197,"Government agency released an official report about infrastructure, education, healthcare, and public services update number 197.",REAL
Verified News Report 198,"Government agency released an official report about infrastructure, education, healthcare, and public services update number 198.",REAL
Verified News Report 199,"Government agency released an official report about infrastructure, education, healthcare, and public services update number 199.",REAL
Verified News Report 200,"Government agency released an official report about infrastructure, education, healthcare, and public services update number 200.",REAL
Verified News Report 201,"Government agency released an official report about infrastructure, education, healthcare, and public services update number 201.",REAL
Verified News Report 202,"Government agency released an official report about infrastructure, education, healthcare, and public services update number 202.",REAL
Verified News Report 203,"Government agency released an official report about infrastructure, education, healthcare, and public services update number 203.",REAL
Verified News Report 204,"Government agency released an official report about infrastructure, education, healthcare, and public services update number 204.",REAL
Verified News Report 205,"Government agency released an official report about infrastructure, education, healthcare, and public services update number 205.",REAL
Verified News Report 206,"Government agency released an official report about infrastructure, education, healthcare, and public services update number 206.",REAL
Verified News Report 207,"Government agency released an official report about infrastructure, education, healthcare, and public services update number 207.",REAL
Verified News Report 208,"Government agency released an official report about infrastructure, education, healthcare, and public services update number 208.",REAL
Verified News Report 209,"Government agency released an official report about infrastructure, education, healthcare, and public services update number 209.",REAL
Verified News Report 210,"Government agency released an official report about infrastructure, education, healthcare, and public services update number 210.",REAL
Verified News Report 211,"Government agency released an official report about infrastructure, education, healthcare, and public services update number 211.",REAL
Verified News Report 212,"Government agency released an official report about infrastructure, education, healthcare, and public services update number 212.",REAL
Verified News Report 213,"Government agency released an official report about infrastructure, education, healthcare, and public services update number 213.",REAL
Verified News Report 214,"Government agency released an official report about infrastructure, education, healthcare, and public services update number 214.",REAL
Verified News Report 215,"Government agency released an official report about infrastructure, education, healthcare, and public services update number 215.",REAL
Verified News Report 216,"Government agency released an official report about infrastructure, education, healthcare, and public services update number 216.",REAL
Verified News Report 217,"Government agency released an official report about infrastructure, education, healthcare, and public services update number 217.",REAL
Verified News Report 218,"Government agency released an official report about infrastructure, education, healthcare, and public services update number 218.",REAL
Verified News Report 219,"Government agency released an official report about infrastructure, education, healthcare, and public services update number 219.",REAL
Verified News Report 220,"Government agency released an official report about infrastructure, education, healthcare, and public services update number 220.",REAL
Verified News Report 221,"Government agency released an official report about infrastructure, education, healthcare, and public services update number 221.",REAL
Verified News Report 222,"Government agency released an official report about infrastructure, education, healthcare, and public services update number 222.",REAL
Verified News Report 223,"Government agency released an official report about infrastructure, education, healthcare, and public services update number 223.",REAL
Verified News Report 224,"Government agency released an official report about infrastructure, education, healthcare, and public services update number 224.",REAL
Verified News Report 225,"Government agency released an official report about infrastructure, education, healthcare, and public services update number 225.",REAL
Verified News Report 226,"Government agency released an official report about infrastructure, education, healthcare, and public services update number 226.",REAL
Verified News Report 227,"Government agency released an official report about infrastructure, education, healthcare, and public services update number 227.",REAL
Verified News Report 228,"Government agency released an official report about infrastructure, education, healthcare, and public services update number 228.",REAL
Verified News Report 229,"Government agency released an official report about infrastructure, education, healthcare, and public services update number 229.",REAL
Verified News Report 230,"Government agency released an official report about infrastructure, education, healthcare, and public services update number 230.",REAL
Verified News Report 231,"Government agency released an official report about infrastructure, education, healthcare, and public services update number 231.",REAL
Verified News Report 232,"Government agency released an official report about infrastructure, education, healthcare, and public services update number 232.",REAL
Verified News Report 233,"Government agency released an official report about infrastructure, education, healthcare, and public services update number 233.",REAL
Verified News Report 234,"Government agency released an official report about infrastructure, education, healthcare, and public services update number 234.",REAL
Verified News Report 235,"Government agency released an official report about infrastructure, education, healthcare, and public services update number 235.",REAL
Verified News Report 236,"Government agency released an official report about infrastructure, education, healthcare, and public services update number 236.",REAL
Verified News Report 237,"Government agency released an official report about infrastructure, education, healthcare, and public services update number 237.",REAL
Verified News Report 238,"Government agency released an official report about infrastructure, education, healthcare, and public services update number 238.",REAL
Verified News Report 239,"Government agency released an official report about infrastructure, education, healthcare, and public services update number 239.",REAL
Verified News Report 240,"Government agency released an official report about infrastructure, education, healthcare, and public services update number 240.",REAL
Verified News Report 241,"Government agency released an official report about infrastructure, education, healthcare, and public services update number 241.",REAL
Verified News Report 242,"Government agency released an official report about infrastructure, education, healthcare, and public services update number 242.",REAL
Verified News Report 243,"Government agency released an official report about infrastructure, education, healthcare, and public services update number 243.",REAL
Verified News Report 244,"Government agency released an official report about infrastructure, education, healthcare, and public services update number 244.",REAL
Verified News Report 245,"Government agency released an official report about infrastructure, education, healthcare, and public services update number 245.",REAL
Verified News Report 246,"Government agency released an official report about infrastructure, education, healthcare, and public services update number 246.",REAL
Verified News Report 247,"Government agency released an official report about infrastructure, education, healthcare, and public services update number 247.",REAL
Verified News Report 248,"Government agency released an official report about infrastructure, education, healthcare, and public services update number 248.",REAL
Verified News Report 249,"Government agency released an official report about infrastructure, education, healthcare, and public services update number 249.",REAL
Verified News Report 250,"Government agency released an official report about infrastructure, education, healthcare, and public services update number 250.",REAL
Verified News Report 251,"Government agency released an official report about infrastructure, education, healthcare, and public services update number 251.",REAL
Verified News Report 252,"Government agency released an official report about infrastructure, education, healthcare, and public services update number 252.",REAL
Verified News Report 253,"Government agency released an official report about infrastructure, education, healthcare, and public services update number 253.",REAL
Verified News Report 254,"Government agency released an official report about infrastructure, education, healthcare, and public services update number 254.",REAL
Verified News Report 255,"Government agency released an official report about infrastructure, education, healthcare, and public services update number 255.",REAL
Verified News Report 256,"Government agency released an official report about infrastructure, education, healthcare, and public services update number 256.",REAL
Verified News Report 257,"Government agency released an official report about infrastructure, education, healthcare, and public services update number 257.",REAL
Verified News Report 258,"Government agency released an official report about infrastructure, education, healthcare, and public services update number 258.",REAL
Verified News Report 259,"Government agency released an official report about infrastructure, education, healthcare, and public services update number 259.",REAL
Verified News Report 260,"Government agency released an official report about infrastructure, education, healthcare, and public services update number 260.",REAL
Verified News Report 261,"Government agency released an official report about infrastructure, education, healthcare, and public services update number 261.",REAL
Verified News Report 262,"Government agency released an official report about infrastructure, education, healthcare, and public services update number 262.",REAL
Verified News Report 263,"Government agency released an official report about infrastructure, education, healthcare, and public services update number 263.",REAL
Verified News Report 264,"Government agency released an official report about infrastructure, education, healthcare, and public services update number 264.",REAL
Verified News Report 265,"Government agency released an official report about infrastructure, education, healthcare, and public services update number 265.",REAL
Verified News Report 266,"Government agency released an official report about infrastructure, education, healthcare, and public services update number 266.",REAL
Verified News Report 267,"Government agency released an official report about infrastructure, education, healthcare, and public services update number 267.",REAL
Verified News Report 268,"Government agency released an official report about infrastructure, education, healthcare, and public services update number 268.",REAL
Verified News Report 269,"Government agency released an official report about infrastructure, education, healthcare, and public services update number 269.",REAL
Verified News Report 270,"Government agency released an official report about infrastructure, education, healthcare, and public services update number 270.",REAL
Verified News Report 271,"Government agency released an official report about infrastructure, education, healthcare, and public services update number 271.",REAL
Verified News Report 272,"Government agency released an official report about infrastructure, education, healthcare, and public services update number 272.",REAL
Verified News Report 273,"Government agency released an official report about infrastructure, education, healthcare, and public services update number 273.",REAL
Verified News Report 274,"Government agency released an official report about infrastructure, education, healthcare, and public services update number 274.",REAL
Verified News Report 275,"Government agency released an official report about infrastructure, education, healthcare, and public services update number 275.",REAL
Verified News Report 276,"Government agency released an official report about infrastructure, education, healthcare, and public services update number 276.",REAL
Verified News Report 277,"Government agency released an official report about infrastructure, education, healthcare, and public services update number 277.",REAL
Verified News Report 278,"Government agency released an official report about infrastructure, education, healthcare, and public services update number 278.",REAL
Verified News Report 279,"Government agency released an official report about infrastructure, education, healthcare, and public services update number 279.",REAL
Verified News Report 280,"Government agency released an official report about infrastructure, education, healthcare, and public services update number 280.",REAL
Verified News Report 281,"Government agency released an official report about infrastructure, education, healthcare, and public services update number 281.",REAL
Verified News Report 282,"Government agency released an official report about infrastructure, education, healthcare, and public services update number 282.",REAL
Verified News Report 283,"Government agency released an official report about infrastructure, education, healthcare, and public services update number 283.",REAL
Verified News Report 284,"Government agency released an official report about infrastructure, education, healthcare, and public services update number 284.",REAL
Verified News Report 285,"Government agency released an official report about infrastructure, education, healthcare, and public services update number 285.",REAL
Verified News Report 286,"Government agency released an official report about infrastructure, education, healthcare, and public services update number 286.",REAL
Verified News Report 287,"Government agency released an official report about infrastructure, education, healthcare, and public services update number 287.",REAL
Verified News Report 288,"Government agency released an official report about infrastructure, education, healthcare, and public services update number 288.",REAL
Verified News Report 289,"Government agency released an official report about infrastructure, education, healthcare, and public services update number 289.",REAL
Verified News Report 290,"Government agency released an official report about infrastructure, education, healthcare, and public services update number 290.",REAL
Verified News Report 291,"Government agency released an official report about infrastructure, education, healthcare, and public services update number 291.",REAL
Verified News Report 292,"Government agency released an official report about infrastructure, education, healthcare, and public services update number 292.",REAL
Verified News Report 293,"Government agency released an official report about infrastructure, education, healthcare, and public services update number 293.",REAL
Verified News Report 294,"Government agency released an official report about infrastructure, education, healthcare, and public services update number 294.",REAL
Verified News Report 295,"Government agency released an official report about infrastructure, education, healthcare, and public services update number 295.",REAL
Verified News Report 296,"Government agency released an official report about infrastructure, education, healthcare, and public services update number 296.",REAL
Verified News Report 297,"Government agency released an official report about infrastructure, education, healthcare, and public services update number 297.",REAL
Verified News Report 298,"Government agency released an official report about infrastructure, education, healthcare, and public services update number 298.",REAL
Verified News Report 299,"Government agency released an official report about infrastructure, education, healthcare, and public services update number 299.",REAL
Verified News Report 300,"Government agency released an official report about infrastructure, education, healthcare, and public services update number 300.",REAL
Verified News Report 301,"Government agency released an official report about infrastructure, education, healthcare, and public services update number 301.",REAL
Verified News Report 302,"Government agency released an official report about infrastructure, education, healthcare, and public services update number 302.",REAL
Verified News Report 303,"Government agency released an official report about infrastructure, education, healthcare, and public services update number 303.",REAL
Verified News Report 304,"Government agency released an official report about infrastructure, education, healthcare, and public services update number 304.",REAL
Verified News Report 305,"Government agency released an official report about infrastructure, education, healthcare, and public services update number 305.",REAL
Verified News Report 306,"Government agency released an official report about infrastructure, education, healthcare, and public services update number 306.",REAL
Verified News Report 307,"Government agency released an official report about infrastructure, education, healthcare, and public services update number 307.",REAL
Verified News Report 308,"Government agency released an official report about infrastructure, education, healthcare, and public services update number 308.",REAL
Verified News Report 309,"Government agency released an official report about infrastructure, education, healthcare, and public services update number 309.",REAL
Verified News Report 310,"Government agency released an official report about infrastructure, education, healthcare, and public services update number 310.",REAL
Verified News Report 311,"Government agency released an official report about infrastructure, education, healthcare, and public services update number 311.",REAL
Verified News Report 312,"Government agency released an official report about infrastructure, education, healthcare, and public services update number 312.",REAL
Verified News Report 313,"Government agency released an official report about infrastructure, education, healthcare, and public services update number 313.",REAL
Verified News Report 314,"Government agency released an official report about infrastructure, education, healthcare, and public services update number 314.",REAL
Verified News Report 315,"Government agency released an official report about infrastructure, education, healthcare, and public services update number 315.",REAL
Verified News Report 316,"Government agency released an official report about infrastructure, education, healthcare, and public services update number 316.",REAL
Verified News Report 317,"Government agency released an official report about infrastructure, education, healthcare, and public services update number 317.",REAL
Verified News Report 318,"Government agency released an official report about infrastructure, education, healthcare, and public services update number 318.",REAL
Verified News Report 319,"Government agency released an official report about infrastructure, education, healthcare, and public services update number 319.",REAL
Verified News Report 320,"Government agency released an official report about infrastructure, education, healthcare, and public services update number 320.",REAL
Verified News Report 321,"Government agency released an official report about infrastructure, education, healthcare, and public services update number 321.",REAL
Verified News Report 322,"Government agency released an official report about infrastructure, education, healthcare, and public services update number 322.",REAL
Verified News Report 323,"Government agency released an official report about infrastructure, education, healthcare, and public services update number 323.",REAL
Verified News Report 324,"Government agency released an official report about infrastructure, education, healthcare, and public services update number 324.",REAL
Verified News Report 325,"Government agency released an official report about infrastructure, education, healthcare, and public services update number 325.",REAL
Verified News Report 326,"Government agency released an official report about infrastructure, education, healthcare, and public services update number 326.",REAL
Verified News Report 327,"Government agency released an official report about infrastructure, education, healthcare, and public services update number 327.",REAL
Verified News Report 328,"Government agency released an official report about infrastructure, education, healthcare, and public services update number 328.",REAL
Verified News Report 329,"Government agency released an official report about infrastructure, education, healthcare, and public services update number 329.",REAL
Verified News Report 330,"Government agency released an official report about infrastructure, education, healthcare, and public services update number 330.",REAL
Verified News Report 331,"Government agency released an official report about infrastructure, education, healthcare, and public services update number 331.",REAL
Verified News Report 332,"Government agency released an official report about infrastructure, education, healthcare, and public services update number 332.",REAL
Verified News Report 333,"Government agency released an official report about infrastructure, education, healthcare, and public services update number 333.",REAL
Verified News Report 334,"Government agency released an official report about infrastructure, education, healthcare, and public services update number 334.",REAL
Verified News Report 335,"Government agency released an official report about infrastructure, education, healthcare, and public services update number 335.",REAL
Verified News Report 336,"Government agency released an official report about infrastructure, education, healthcare, and public services update number 336.",REAL
Verified News Report 337,"Government agency released an official report about infrastructure, education, healthcare, and public services update number 337.",REAL
Verified News Report 338,"Government agency released an official report about infrastructure, education, healthcare, and public services update number 338.",REAL
Verified News Report 339,"Government agency released an official report about infrastructure, education, healthcare, and public services update number 339.",REAL
Verified News Report 340,"Government agency released an official report about infrastructure, education, healthcare, and public services update number 340.",REAL
Verified News Report 341,"Government agency released an official report about infrastructure, education, healthcare, and public services update number 341.",REAL
Verified News Report 342,"Government agency released an official report about infrastructure, education, healthcare, and public services update number 342.",REAL
Verified News Report 343,"Government agency released an official report about infrastructure, education, healthcare, and public services update number 343.",REAL
Verified News Report 344,"Government agency released an official report about infrastructure, education, healthcare, and public services update number 344.",REAL
Verified News Report 345,"Government agency released an official report about infrastructure, education, healthcare, and public services update number 345.",REAL
Verified News Report 346,"Government agency released an official report about infrastructure, education, healthcare, and public services update number 346.",REAL
Verified News Report 347,"Government agency released an official report about infrastructure, education, healthcare, and public services update number 347.",REAL
Verified News Report 348,"Government agency released an official report about infrastructure, education, healthcare, and public services update number 348.",REAL
Verified News Report 349,"Government agency released an official report about infrastructure, education, healthcare, and public services update number 349.",REAL
Verified News Report 350,"Government agency released an official report about infrastructure, education, healthcare, and public services update number 350.",REAL
Verified News Report 351,"Government agency released an official report about infrastructure, education, healthcare, and public services update number 351.",REAL
Verified News Report 352,"Government agency released an official report about infrastructure, education, healthcare, and public services update number 352.",REAL
Verified News Report 353,"Government agency released an official report about infrastructure, education, healthcare, and public services update number 353.",REAL
Verified News Report 354,"Government agency released an official report about infrastructure, education, healthcare, and public services update number 354.",REAL
Verified News Report 355,"Government agency released an official report about infrastructure, education, healthcare, and public services update number 355.",REAL
Verified News Report 356,"Government agency released an official report about infrastructure, education, healthcare, and public services update number 356.",REAL
Verified News Report 357,"Government agency released an official report about infrastructure, education, healthcare, and public services update number 357.",REAL
Verified News Report 358,"Government agency released an official report about infrastructure, education, healthcare, and public services update number 358.",REAL
Verified News Report 359,"Government agency released an official report about infrastructure, education, healthcare, and public services update number 359.",REAL
Verified News Report 360,"Government agency released an official report about infrastructure, education, healthcare, and public services update number 360.",REAL
Verified News Report 361,"Government agency released an official report about infrastructure, education, healthcare, and public services update number 361.",REAL
Verified News Report 362,"Government agency released an official report about infrastructure, education, healthcare, and public services update number 362.",REAL
Verified News Report 363,"Government agency released an official report about infrastructure, education, healthcare, and public services update number 363.",REAL
Verified News Report 364,"Government agency released an official report about infrastructure, education, healthcare, and public services update number 364.",REAL
Verified News Report 365,"Government agency released an official report about infrastructure, education, healthcare, and public services update number 365.",REAL
Verified News Report 366,"Government agency released an official report about infrastructure, education, healthcare, and public services update number 366.",REAL
Verified News Report 367,"Government agency released an official report about infrastructure, education, healthcare, and public services update number 367.",REAL
Verified News Report 368,"Government agency released an official report about infrastructure, education, healthcare, and public services update number 368.",REAL
Verified News Report 369,"Government agency released an official report about infrastructure, education, healthcare, and public services update number 369.",REAL
Verified News Report 370,"Government agency released an official report about infrastructure, education, healthcare, and public services update number 370.",REAL
Verified News Report 371,"Government agency released an official report about infrastructure, education, healthcare, and public services update number 371.",REAL
Verified News Report 372,"Government agency released an official report about infrastructure, education, healthcare, and public services update number 372.",REAL
Verified News Report 373,"Government agency released an official report about infrastructure, education, healthcare, and public services update number 373.",REAL
Verified News Report 374,"Government agency released an official report about infrastructure, education, healthcare, and public services update number 374.",REAL
Verified News Report 375,"Government agency released an official report about infrastructure, education, healthcare, and public services update number 375.",REAL
Verified News Report 376,"Government agency released an official report about infrastructure, education, healthcare, and public services update number 376.",REAL
Verified News Report 377,"Government agency released an official report about infrastructure, education, healthcare, and public services update number 377.",REAL
Verified News Report 378,"Government agency released an official report about infrastructure, education, healthcare, and public services update number 378.",REAL
Verified News Report 379,"Government agency released an official report about infrastructure, education, healthcare, and public services update number 379.",REAL
Verified News Report 380,"Government agency released an official report about infrastructure, education, healthcare, and public services update number 380.",REAL
Verified News Report 381,"Government agency released an official report about infrastructure, education, healthcare, and public services update number 381.",REAL
Verified News Report 382,"Government agency released an official report about infrastructure, education, healthcare, and public services update number 382.",REAL
Verified News Report 383,"Government agency released an official report about infrastructure, education, healthcare, and public services update number 383.",REAL
Verified News Report 384,"Government agency released an official report about infrastructure, education, healthcare, and public services update number 384.",REAL
Verified News Report 385,"Government agency released an official report about infrastructure, education, healthcare, and public services update number 385.",REAL
Verified News Report 386,"Government agency released an official report about infrastructure, education, healthcare, and public services update number 386.",REAL
Verified News Report 387,"Government agency released an official report about infrastructure, education, healthcare, and public services update number 387.",REAL
Verified News Report 388,"Government agency released an official report about infrastructure, education, healthcare, and public services update number 388.",REAL
Verified News Report 389,"Government agency released an official report about infrastructure, education, healthcare, and public services update number 389.",REAL
Verified News Report 390,"Government agency released an official report about infrastructure, education, healthcare, and public services update number 390.",REAL
Verified News Report 391,"Government agency released an official report about infrastructure, education, healthcare, and public services update number 391.",REAL
Verified News Report 392,"Government agency released an official report about infrastructure, education, healthcare, and public services update number 392.",REAL
Verified News Report 393,"Government agency released an official report about infrastructure, education, healthcare, and public services update number 393.",REAL
Verified News Report 394,"Government agency released an official report about infrastructure, education, healthcare, and public services update number 394.",REAL
Verified News Report 395,"Government agency released an official report about infrastructure, education, healthcare, and public services update number 395.",REAL
Verified News Report 396,"Government agency released an official report about infrastructure, education, healthcare, and public services update number 396.",REAL
Verified News Report 397,"Government agency released an official report about infrastructure, education, healthcare, and public services update number 397.",REAL
Verified News Report 398,"Government agency released an official report about infrastructure, education, healthcare, and public services update number 398.",REAL
Verified News Report 399,"Government agency released an official report about infrastructure, education, healthcare, and public services update number 399.",REAL
Verified News Report 400,"Government agency released an official report about infrastructure, education, healthcare, and public services update number 400.",REAL
Verified News Report 401,"Government agency released an official report about infrastructure, education, healthcare, and public services update number 401.",REAL
Verified News Report 402,"Government agency released an official report about infrastructure, education, healthcare, and public services update number 402.",REAL
Verified News Report 403,"Government agency released an official report about infrastructure, education, healthcare, and public services update number 403.",REAL
Verified News Report 404,"Government agency released an official report about infrastructure, education, healthcare, and public services update number 404.",REAL
Verified News Report 405,"Government agency released an official report about infrastructure, education, healthcare, and public services update number 405.",REAL
Verified News Report 406,"Government agency released an official report about infrastructure, education, healthcare, and public services update number 406.",REAL
Verified News Report 407,"Government agency released an official report about infrastructure, education, healthcare, and public services update number 407.",REAL
Verified News Report 408,"Government agency released an official report about infrastructure, education, healthcare, and public services update number 408.",REAL
Verified News Report 409,"Government agency released an official report about infrastructure, education, healthcare, and public services update number 409.",REAL
Verified News Report 410,"Government agency released an official report about infrastructure, education, healthcare, and public services update number 410.",REAL
Verified News Report 411,"Government agency released an official report about infrastructure, education, healthcare, and public services update number 411.",REAL
Verified News Report 412,"Government agency released an official report about infrastructure, education, healthcare, and public services update number 412.",REAL
Verified News Report 413,"Government agency released an official report about infrastructure, education, healthcare, and public services update number 413.",REAL
Verified News Report 414,"Government agency released an official report about infrastructure, education, healthcare, and public services update number 414.",REAL
Verified News Report 415,"Government agency released an official report about infrastructure, education, healthcare, and public services update number 415.",REAL
Verified News Report 416,"Government agency released an official report about infrastructure, education, healthcare, and public services update number 416.",REAL
Verified News Report 417,"Government agency released an official report about infrastructure, education, healthcare, and public services update number 417.",REAL
Verified News Report 418,"Government agency released an official report about infrastructure, education, healthcare, and public services update number 418.",REAL
Verified News Report 419,"Government agency released an official report about infrastructure, education, healthcare, and public services update number 419.",REAL
Verified News Report 420,"Government agency released an official report about infrastructure, education, healthcare, and public services update number 420.",REAL
Verified News Report 421,"Government agency released an official report about infrastructure, education, healthcare, and public services update number 421.",REAL
Verified News Report 422,"Government agency released an official report about infrastructure, education, healthcare, and public services update number 422.",REAL
Verified News Report 423,"Government agency released an official report about infrastructure, education, healthcare, and public services update number 423.",REAL
Verified News Report 424,"Government agency released an official report about infrastructure, education, healthcare, and public services update number 424.",REAL
Verified News Report 425,"Government agency released an official report about infrastructure, education, healthcare, and public services update number 425.",REAL
Verified News Report 426,"Government agency released an official report about infrastructure, education, healthcare, and public services update number 426.",REAL
Verified News Report 427,"Government agency released an official report about infrastructure, education, healthcare, and public services update number 427.",REAL
Verified News Report 428,"Government agency released an official report about infrastructure, education, healthcare, and public services update number 428.",REAL
Verified News Report 429,"Government agency released an official report about infrastructure, education, healthcare, and public services update number 429.",REAL
Verified News Report 430,"Government agency released an official report about infrastructure, education, healthcare, and public services update number 430.",REAL
Verified News Report 431,"Government agency released an official report about infrastructure, education, healthcare, and public services update number 431.",REAL
Verified News Report 432,"Government agency released an official report about infrastructure, education, healthcare, and public services update number 432.",REAL
Verified News Report 433,"Government agency released an official report about infrastructure, education, healthcare, and public services update number 433.",REAL
Verified News Report 434,"Government agency released an official report about infrastructure, education, healthcare, and public services update number 434.",REAL
Verified News Report 435,"Government agency released an official report about infrastructure, education, healthcare, and public services update number 435.",REAL
Verified News Report 436,"Government agency released an official report about infrastructure, education, healthcare, and public services update number 436.",REAL
Verified News Report 437,"Government agency released an official report about infrastructure, education, healthcare, and public services update number 437.",REAL
Verified News Report 438,"Government agency released an official report about infrastructure, education, healthcare, and public services update number 438.",REAL
Verified News Report 439,"Government agency released an official report about infrastructure, education, healthcare, and public services update number 439.",REAL
Verified News Report 440,"Government agency released an official report about infrastructure, education, healthcare, and public services update number 440.",REAL
Verified News Report 441,"Government agency released an official report about infrastructure, education, healthcare, and public services update number 441.",REAL
Verified News Report 442,"Government agency released an official report about infrastructure, education, healthcare, and public services update number 442.",REAL
Verified News Report 443,"Government agency released an official report about infrastructure, education, healthcare, and public services update number 443.",REAL
Verified News Report 444,"Government agency released an official report about infrastructure, education, healthcare, and public services update number 444.",REAL
Verified News Report 445,"Government agency released an official report about infrastructure, education, healthcare, and public services update number 445.",REAL
Verified News Report 446,"Government agency released an official report about infrastructure, education, healthcare, and public services update number 446.",REAL
Verified News Report 447,"Government agency released an official report about infrastructure, education, healthcare, and public services update number 447.",REAL
Verified News Report 448,"Government agency released an official report about infrastructure, education, healthcare, and public services update number 448.",REAL
Verified News Report 449,"Government agency released an official report about infrastructure, education, healthcare, and public services update number 449.",REAL
Verified News Report 450,"Government agency released an official report about infrastructure, education, healthcare, and public services update number 450.",REAL
Verified News Report 451,"Government agency released an official report about infrastructure, education, healthcare, and public services update number 451.",REAL
Verified News Report 452,"Government agency released an official report about infrastructure, education, healthcare, and public services update number 452.",REAL
Verified News Report 453,"Government agency released an official report about infrastructure, education, healthcare, and public services update number 453.",REAL
Verified News Report 454,"Government agency released an official report about infrastructure, education, healthcare, and public services update number 454.",REAL
Verified News Report 455,"Government agency released an official report about infrastructure, education, healthcare, and public services update number 455.",REAL
Verified News Report 456,"Government agency released an official report about infrastructure, education, healthcare, and public services update number 456.",REAL
Verified News Report 457,"Government agency released an official report about infrastructure, education, healthcare, and public services update number 457.",REAL
Verified News Report 458,"Government agency released an official report about infrastructure, education, healthcare, and public services update number 458.",REAL
Verified News Report 459,"Government agency released an official report about infrastructure, education, healthcare, and public services update number 459.",REAL
Verified News Report 460,"Government agency released an official report about infrastructure, education, healthcare, and public services update number 460.",REAL
Verified News Report 461,"Government agency released an official report about infrastructure, education, healthcare, and public services update number 461.",REAL
Verified News Report 462,"Government agency released an official report about infrastructure, education, healthcare, and public services update number 462.",REAL
Verified News Report 463,"Government agency released an official report about infrastructure, education, healthcare, and public services update number 463.",REAL
Verified News Report 464,"Government agency released an official report about infrastructure, education, healthcare, and public services update number 464.",REAL
Verified News Report 465,"Government agency released an official report about infrastructure, education, healthcare, and public services update number 465.",REAL
Verified News Report 466,"Government agency released an official report about infrastructure, education, healthcare, and public services update number 466.",REAL
Verified News Report 467,"Government agency released an official report about infrastructure, education, healthcare, and public services update number 467.",REAL
Verified News Report 468,"Government agency released an official report about infrastructure, education, healthcare, and public services update number 468.",REAL
Verified News Report 469,"Government agency released an official report about infrastructure, education, healthcare, and public services update number 469.",REAL
Verified News Report 470,"Government agency released an official report about infrastructure, education, healthcare, and public services update number 470.",REAL
Verified News Report 471,"Government agency released an official report about infrastructure, education, healthcare, and public services update number 471.",REAL
Verified News Report 472,"Government agency released an official report about infrastructure, education, healthcare, and public services update number 472.",REAL
Verified News Report 473,"Government agency released an official report about infrastructure, education, healthcare, and public services update number 473.",REAL
Verified News Report 474,"Government agency released an official report about infrastructure, education, healthcare, and public services update number 474.",REAL
Verified News Report 475,"Government agency released an official report about infrastructure, education, healthcare, and public services update number 475.",REAL
Verified News Report 476,"Government agency released an official report about infrastructure, education, healthcare, and public services update number 476.",REAL
Verified News Report 477,"Government agency released an official report about infrastructure, education, healthcare, and public services update number 477.",REAL
Verified News Report 478,"Government agency released an official report about infrastructure, education, healthcare, and public services update number 478.",REAL
Verified News Report 479,"Government agency released an official report about infrastructure, education, healthcare, and public services update number 479.",REAL
Verified News Report 480,"Government agency released an official report about infrastructure, education, healthcare, and public services update number 480.",REAL
Verified News Report 481,"Government agency released an official report about infrastructure, education, healthcare, and public services update number 481.",REAL
Verified News Report 482,"Government agency released an official report about infrastructure, education, healthcare, and public services update number 482.",REAL
Verified News Report 483,"Government agency released an official report about infrastructure, education, healthcare, and public services update number 483.",REAL
Verified News Report 484,"Government agency released an official report about infrastructure, education, healthcare, and public services update number 484.",REAL
Verified News Report 485,"Government agency released an official report about infrastructure, education, healthcare, and public services update number 485.",REAL
Verified News Report 486,"Government agency released an official report about infrastructure, education, healthcare, and public services update number 486.",REAL
Verified News Report 487,"Government agency released an official report about infrastructure, education, healthcare, and public services update number 487.",REAL
Verified News Report 488,"Government agency released an official report about infrastructure, education, healthcare, and public services update number 488.",REAL
Verified News Report 489,"Government agency released an official report about infrastructure, education, healthcare, and public services update number 489.",REAL
Verified News Report 490,"Government agency released an official report about infrastructure, education, healthcare, and public services update number 490.",REAL
Verified News Report 491,"Government agency released an official report about infrastructure, education, healthcare, and public services update number 491.",REAL
Verified News Report 492,"Government agency released an official report about infrastructure, education, healthcare, and public services update number 492.",REAL
Verified News Report 493,"Government agency released an official report about infrastructure, education, healthcare, and public services update number 493.",REAL
Verified News Report 494,"Government agency released an official report about infrastructure, education, healthcare, and public services update number 494.",REAL
Verified News Report 495,"Government agency released an official report about infrastructure, education, healthcare, and public services update number 495.",REAL
Verified News Report 496,"Government agency released an official report about infrastructure, education, healthcare, and public services update number 496.",REAL
Verified News Report 497,"Government agency released an official report about infrastructure, education, healthcare, and public services update number 497.",REAL
Verified News Report 498,"Government agency released an official report about infrastructure, education, healthcare, and public services update number 498.",REAL
Verified News Report 499,"Government agency released an official report about infrastructure, education, healthcare, and public services update number 499.",REAL
Verified News Report 500,"Government agency released an official report about infrastructure, education, healthcare, and public services update number 500.",REAL
Viral Rumor 1,Anonymous sources claim an extraordinary event with no evidence provided in story number 1.,FAKE
Viral Rumor 2,Anonymous sources claim an extraordinary event with no evidence provided in story number 2.,FAKE
Viral Rumor 3,Anonymous sources claim an extraordinary event with no evidence provided in story number 3.,FAKE
Viral Rumor 4,Anonymous sources claim an extraordinary event with no evidence provided in story number 4.,FAKE
Viral Rumor 5,Anonymous sources claim an extraordinary event with no evidence provided in story number 5.,FAKE
Viral Rumor 6,Anonymous sources claim an extraordinary event with no evidence provided in story number 6.,FAKE
Viral Rumor 7,Anonymous sources claim an extraordinary event with no evidence provided in story number 7.,FAKE
Viral Rumor 8,Anonymous sources claim an extraordinary event with no evidence provided in story number 8.,FAKE
Viral Rumor 9,Anonymous sources claim an extraordinary event with no evidence provided in story number 9.,FAKE
Viral Rumor 10,Anonymous sources claim an extraordinary event with no evidence provided in story number 10.,FAKE
Viral Rumor 11,Anonymous sources claim an extraordinary event with no evidence provided in story number 11.,FAKE
Viral Rumor 12,Anonymous sources claim an extraordinary event with no evidence provided in story number 12.,FAKE
Viral Rumor 13,Anonymous sources claim an extraordinary event with no evidence provided in story number 13.,FAKE
Viral Rumor 14,Anonymous sources claim an extraordinary event with no evidence provided in story number 14.,FAKE
Viral Rumor 15,Anonymous sources claim an extraordinary event with no evidence provided in story number 15.,FAKE
Viral Rumor 16,Anonymous sources claim an extraordinary event with no evidence provided in story number 16.,FAKE
Viral Rumor 17,Anonymous sources claim an extraordinary event with no evidence provided in story number 17.,FAKE
Viral Rumor 18,Anonymous sources claim an extraordinary event with no evidence provided in story number 18.,FAKE
Viral Rumor 19,Anonymous sources claim an extraordinary event with no evidence provided in story number 19.,FAKE
Viral Rumor 20,Anonymous sources claim an extraordinary event with no evidence provided in story number 20.,FAKE
Viral Rumor 21,Anonymous sources claim an extraordinary event with no evidence provided in story number 21.,FAKE
Viral Rumor 22,Anonymous sources claim an extraordinary event with no evidence provided in story number 22.,FAKE
Viral Rumor 23,Anonymous sources claim an extraordinary event with no evidence provided in story number 23.,FAKE
Viral Rumor 24,Anonymous sources claim an extraordinary event with no evidence provided in story number 24.,FAKE
Viral Rumor 25,Anonymous sources claim an extraordinary event with no evidence provided in story number 25.,FAKE
Viral Rumor 26,Anonymous sources claim an extraordinary event with no evidence provided in story number 26.,FAKE
Viral Rumor 27,Anonymous sources claim an extraordinary event with no evidence provided in story number 27.,FAKE
Viral Rumor 28,Anonymous sources claim an extraordinary event with no evidence provided in story number 28.,FAKE
Viral Rumor 29,Anonymous sources claim an extraordinary event with no evidence provided in story number 29.,FAKE
Viral Rumor 30,Anonymous sources claim an extraordinary event with no evidence provided in story number 30.,FAKE
Viral Rumor 31,Anonymous sources claim an extraordinary event with no evidence provided in story number 31.,FAKE
Viral Rumor 32,Anonymous sources claim an extraordinary event with no evidence provided in story number 32.,FAKE
Viral Rumor 33,Anonymous sources claim an extraordinary event with no evidence provided in story number 33.,FAKE
Viral Rumor 34,Anonymous sources claim an extraordinary event with no evidence provided in story number 34.,FAKE
Viral Rumor 35,Anonymous sources claim an extraordinary event with no evidence provided in story number 35.,FAKE
Viral Rumor 36,Anonymous sources claim an extraordinary event with no evidence provided in story number 36.,FAKE
Viral Rumor 37,Anonymous sources claim an extraordinary event with no evidence provided in story number 37.,FAKE
Viral Rumor 38,Anonymous sources claim an extraordinary event with no evidence provided in story number 38.,FAKE
Viral Rumor 39,Anonymous sources claim an extraordinary event with no evidence provided in story number 39.,FAKE
Viral Rumor 40,Anonymous sources claim an extraordinary event with no evidence provided in story number 40.,FAKE
Viral Rumor 41,Anonymous sources claim an extraordinary event with no evidence provided in story number 41.,FAKE
Viral Rumor 42,Anonymous sources claim an extraordinary event with no evidence provided in story number 42.,FAKE
Viral Rumor 43,Anonymous sources claim an extraordinary event with no evidence provided in story number 43.,FAKE
Viral Rumor 44,Anonymous sources claim an extraordinary event with no evidence provided in story number 44.,FAKE
Viral Rumor 45,Anonymous sources claim an extraordinary event with no evidence provided in story number 45.,FAKE
Viral Rumor 46,Anonymous sources claim an extraordinary event with no evidence provided in story number 46.,FAKE
Viral Rumor 47,Anonymous sources claim an extraordinary event with no evidence provided in story number 47.,FAKE
Viral Rumor 48,Anonymous sources claim an extraordinary event with no evidence provided in story number 48.,FAKE
Viral Rumor 49,Anonymous sources claim an extraordinary event with no evidence provided in story number 49.,FAKE
Viral Rumor 50,Anonymous sources claim an extraordinary event with no evidence provided in story number 50.,FAKE
Viral Rumor 51,Anonymous sources claim an extraordinary event with no evidence provided in story number 51.,FAKE
Viral Rumor 52,Anonymous sources claim an extraordinary event with no evidence provided in story number 52.,FAKE
Viral Rumor 53,Anonymous sources claim an extraordinary event with no evidence provided in story number 53.,FAKE
Viral Rumor 54,Anonymous sources claim an extraordinary event with no evidence provided in story number 54.,FAKE
Viral Rumor 55,Anonymous sources claim an extraordinary event with no evidence provided in story number 55.,FAKE
Viral Rumor 56,Anonymous sources claim an extraordinary event with no evidence provided in story number 56.,FAKE
Viral Rumor 57,Anonymous sources claim an extraordinary event with no evidence provided in story number 57.,FAKE
Viral Rumor 58,Anonymous sources claim an extraordinary event with no evidence provided in story number 58.,FAKE
Viral Rumor 59,Anonymous sources claim an extraordinary event with no evidence provided in story number 59.,FAKE
Viral Rumor 60,Anonymous sources claim an extraordinary event with no evidence provided in story number 60.,FAKE
Viral Rumor 61,Anonymous sources claim an extraordinary event with no evidence provided in story number 61.,FAKE
Viral Rumor 62,Anonymous sources claim an extraordinary event with no evidence provided in story number 62.,FAKE
Viral Rumor 63,Anonymous sources claim an extraordinary event with no evidence provided in story number 63.,FAKE
Viral Rumor 64,Anonymous sources claim an extraordinary event with no evidence provided in story number 64.,FAKE
Viral Rumor 65,Anonymous sources claim an extraordinary event with no evidence provided in story number 65.,FAKE
Viral Rumor 66,Anonymous sources claim an extraordinary event with no evidence provided in story number 66.,FAKE
Viral Rumor 67,Anonymous sources claim an extraordinary event with no evidence provided in story number 67.,FAKE
Viral Rumor 68,Anonymous sources claim an extraordinary event with no evidence provided in story number 68.,FAKE
Viral Rumor 69,Anonymous sources claim an extraordinary event with no evidence provided in story number 69.,FAKE
Viral Rumor 70,Anonymous sources claim an extraordinary event with no evidence provided in story number 70.,FAKE
Viral Rumor 71,Anonymous sources claim an extraordinary event with no evidence provided in story number 71.,FAKE
Viral Rumor 72,Anonymous sources claim an extraordinary event with no evidence provided in story number 72.,FAKE
Viral Rumor 73,Anonymous sources claim an extraordinary event with no evidence provided in story number 73.,FAKE
Viral Rumor 74,Anonymous sources claim an extraordinary event with no evidence provided in story number 74.,FAKE
Viral Rumor 75,Anonymous sources claim an extraordinary event with no evidence provided in story number 75.,FAKE
Viral Rumor 76,Anonymous sources claim an extraordinary event with no evidence provided in story number 76.,FAKE
Viral Rumor 77,Anonymous sources claim an extraordinary event with no evidence provided in story number 77.,FAKE
Viral Rumor 78,Anonymous sources claim an extraordinary event with no evidence provided in story number 78.,FAKE
Viral Rumor 79,Anonymous sources claim an extraordinary event with no evidence provided in story number 79.,FAKE
Viral Rumor 80,Anonymous sources claim an extraordinary event with no evidence provided in story number 80.,FAKE
Viral Rumor 81,Anonymous sources claim an extraordinary event with no evidence provided in story number 81.,FAKE
Viral Rumor 82,Anonymous sources claim an extraordinary event with no evidence provided in story number 82.,FAKE
Viral Rumor 83,Anonymous sources claim an extraordinary event with no evidence provided in story number 83.,FAKE
Viral Rumor 84,Anonymous sources claim an extraordinary event with no evidence provided in story number 84.,FAKE
Viral Rumor 85,Anonymous sources claim an extraordinary event with no evidence provided in story number 85.,FAKE
Viral Rumor 86,Anonymous sources claim an extraordinary event with no evidence provided in story number 86.,FAKE
Viral Rumor 87,Anonymous sources claim an extraordinary event with no evidence provided in story number 87.,FAKE
Viral Rumor 88,Anonymous sources claim an extraordinary event with no evidence provided in story number 88.,FAKE
Viral Rumor 89,Anonymous sources claim an extraordinary event with no evidence provided in story number 89.,FAKE
Viral Rumor 90,Anonymous sources claim an extraordinary event with no evidence provided in story number 90.,FAKE
Viral Rumor 91,Anonymous sources claim an extraordinary event with no evidence provided in story number 91.,FAKE
Viral Rumor 92,Anonymous sources claim an extraordinary event with no evidence provided in story number 92.,FAKE
Viral Rumor 93,Anonymous sources claim an extraordinary event with no evidence provided in story number 93.,FAKE
Viral Rumor 94,Anonymous sources claim an extraordinary event with no evidence provided in story number 94.,FAKE
Viral Rumor 95,Anonymous sources claim an extraordinary event with no evidence provided in story number 95.,FAKE
Viral Rumor 96,Anonymous sources claim an extraordinary event with no evidence provided in story number 96.,FAKE
Viral Rumor 97,Anonymous sources claim an extraordinary event with no evidence provided in story number 97.,FAKE
Viral Rumor 98,Anonymous sources claim an extraordinary event with no evidence provided in story number 98.,FAKE
Viral Rumor 99,Anonymous sources claim an extraordinary event with no evidence provided in story number 99.,FAKE
Viral Rumor 100,Anonymous sources claim an extraordinary event with no evidence provided in story number 100.,FAKE
Viral Rumor 101,Anonymous sources claim an extraordinary event with no evidence provided in story number 101.,FAKE
Viral Rumor 102,Anonymous sources claim an extraordinary event with no evidence provided in story number 102.,FAKE
Viral Rumor 103,Anonymous sources claim an extraordinary event with no evidence provided in story number 103.,FAKE
Viral Rumor 104,Anonymous sources claim an extraordinary event with no evidence provided in story number 104.,FAKE
Viral Rumor 105,Anonymous sources claim an extraordinary event with no evidence provided in story number 105.,FAKE
Viral Rumor 106,Anonymous sources claim an extraordinary event with no evidence provided in story number 106.,FAKE
Viral Rumor 107,Anonymous sources claim an extraordinary event with no evidence provided in story number 107.,FAKE
Viral Rumor 108,Anonymous sources claim an extraordinary event with no evidence provided in story number 108.,FAKE
Viral Rumor 109,Anonymous sources claim an extraordinary event with no evidence provided in story number 109.,FAKE
Viral Rumor 110,Anonymous sources claim an extraordinary event with no evidence provided in story number 110.,FAKE
Viral Rumor 111,Anonymous sources claim an extraordinary event with no evidence provided in story number 111.,FAKE
Viral Rumor 112,Anonymous sources claim an extraordinary event with no evidence provided in story number 112.,FAKE
Viral Rumor 113,Anonymous sources claim an extraordinary event with no evidence provided in story number 113.,FAKE
Viral Rumor 114,Anonymous sources claim an extraordinary event with no evidence provided in story number 114.,FAKE
Viral Rumor 115,Anonymous sources claim an extraordinary event with no evidence provided in story number 115.,FAKE
Viral Rumor 116,Anonymous sources claim an extraordinary event with no evidence provided in story number 116.,FAKE
Viral Rumor 117,Anonymous sources claim an extraordinary event with no evidence provided in story number 117.,FAKE
Viral Rumor 118,Anonymous sources claim an extraordinary event with no evidence provided in story number 118.,FAKE
Viral Rumor 119,Anonymous sources claim an extraordinary event with no evidence provided in story number 119.,FAKE
Viral Rumor 120,Anonymous sources claim an extraordinary event with no evidence provided in story number 120.,FAKE
Viral Rumor 121,Anonymous sources claim an extraordinary event with no evidence provided in story number 121.,FAKE
Viral Rumor 122,Anonymous sources claim an extraordinary event with no evidence provided in story number 122.,FAKE
Viral Rumor 123,Anonymous sources claim an extraordinary event with no evidence provided in story number 123.,FAKE
Viral Rumor 124,Anonymous sources claim an extraordinary event with no evidence provided in story number 124.,FAKE
Viral Rumor 125,Anonymous sources claim an extraordinary event with no evidence provided in story number 125.,FAKE
Viral Rumor 126,Anonymous sources claim an extraordinary event with no evidence provided in story number 126.,FAKE
Viral Rumor 127,Anonymous sources claim an extraordinary event with no evidence provided in story number 127.,FAKE
Viral Rumor 128,Anonymous sources claim an extraordinary event with no evidence provided in story number 128.,FAKE
Viral Rumor 129,Anonymous sources claim an extraordinary event with no evidence provided in story number 129.,FAKE
Viral Rumor 130,Anonymous sources claim an extraordinary event with no evidence provided in story number 130.,FAKE
Viral Rumor 131,Anonymous sources claim an extraordinary event with no evidence provided in story number 131.,FAKE
Viral Rumor 132,Anonymous sources claim an extraordinary event with no evidence provided in story number 132.,FAKE
Viral Rumor 133,Anonymous sources claim an extraordinary event with no evidence provided in story number 133.,FAKE
Viral Rumor 134,Anonymous sources claim an extraordinary event with no evidence provided in story number 134.,FAKE
Viral Rumor 135,Anonymous sources claim an extraordinary event with no evidence provided in story number 135.,FAKE
Viral Rumor 136,Anonymous sources claim an extraordinary event with no evidence provided in story number 136.,FAKE
Viral Rumor 137,Anonymous sources claim an extraordinary event with no evidence provided in story number 137.,FAKE
Viral Rumor 138,Anonymous sources claim an extraordinary event with no evidence provided in story number 138.,FAKE
Viral Rumor 139,Anonymous sources claim an extraordinary event with no evidence provided in story number 139.,FAKE
Viral Rumor 140,Anonymous sources claim an extraordinary event with no evidence provided in story number 140.,FAKE
Viral Rumor 141,Anonymous sources claim an extraordinary event with no evidence provided in story number 141.,FAKE
Viral Rumor 142,Anonymous sources claim an extraordinary event with no evidence provided in story number 142.,FAKE
Viral Rumor 143,Anonymous sources claim an extraordinary event with no evidence provided in story number 143.,FAKE
Viral Rumor 144,Anonymous sources claim an extraordinary event with no evidence provided in story number 144.,FAKE
Viral Rumor 145,Anonymous sources claim an extraordinary event with no evidence provided in story number 145.,FAKE
Viral Rumor 146,Anonymous sources claim an extraordinary event with no evidence provided in story number 146.,FAKE
Viral Rumor 147,Anonymous sources claim an extraordinary event with no evidence provided in story number 147.,FAKE
Viral Rumor 148,Anonymous sources claim an extraordinary event with no evidence provided in story number 148.,FAKE
Viral Rumor 149,Anonymous sources claim an extraordinary event with no evidence provided in story number 149.,FAKE
Viral Rumor 150,Anonymous sources claim an extraordinary event with no evidence provided in story number 150.,FAKE
Viral Rumor 151,Anonymous sources claim an extraordinary event with no evidence provided in story number 151.,FAKE
Viral Rumor 152,Anonymous sources claim an extraordinary event with no evidence provided in story number 152.,FAKE
Viral Rumor 153,Anonymous sources claim an extraordinary event with no evidence provided in story number 153.,FAKE
Viral Rumor 154,Anonymous sources claim an extraordinary event with no evidence provided in story number 154.,FAKE
Viral Rumor 155,Anonymous sources claim an extraordinary event with no evidence provided in story number 155.,FAKE
Viral Rumor 156,Anonymous sources claim an extraordinary event with no evidence provided in story number 156.,FAKE
Viral Rumor 157,Anonymous sources claim an extraordinary event with no evidence provided in story number 157.,FAKE
Viral Rumor 158,Anonymous sources claim an extraordinary event with no evidence provided in story number 158.,FAKE
Viral Rumor 159,Anonymous sources claim an extraordinary event with no evidence provided in story number 159.,FAKE
Viral Rumor 160,Anonymous sources claim an extraordinary event with no evidence provided in story number 160.,FAKE
Viral Rumor 161,Anonymous sources claim an extraordinary event with no evidence provided in story number 161.,FAKE
Viral Rumor 162,Anonymous sources claim an extraordinary event with no evidence provided in story number 162.,FAKE
Viral Rumor 163,Anonymous sources claim an extraordinary event with no evidence provided in story number 163.,FAKE
Viral Rumor 164,Anonymous sources claim an extraordinary event with no evidence provided in story number 164.,FAKE
Viral Rumor 165,Anonymous sources claim an extraordinary event with no evidence provided in story number 165.,FAKE
Viral Rumor 166,Anonymous sources claim an extraordinary event with no evidence provided in story number 166.,FAKE
Viral Rumor 167,Anonymous sources claim an extraordinary event with no evidence provided in story number 167.,FAKE
Viral Rumor 168,Anonymous sources claim an extraordinary event with no evidence provided in story number 168.,FAKE
Viral Rumor 169,Anonymous sources claim an extraordinary event with no evidence provided in story number 169.,FAKE
Viral Rumor 170,Anonymous sources claim an extraordinary event with no evidence provided in story number 170.,FAKE
Viral Rumor 171,Anonymous sources claim an extraordinary event with no evidence provided in story number 171.,FAKE
Viral Rumor 172,Anonymous sources claim an extraordinary event with no evidence provided in story number 172.,FAKE
Viral Rumor 173,Anonymous sources claim an extraordinary event with no evidence provided in story number 173.,FAKE
Viral Rumor 174,Anonymous sources claim an extraordinary event with no evidence provided in story number 174.,FAKE
Viral Rumor 175,Anonymous sources claim an extraordinary event with no evidence provided in story number 175.,FAKE
Viral Rumor 176,Anonymous sources claim an extraordinary event with no evidence provided in story number 176.,FAKE
Viral Rumor 177,Anonymous sources claim an extraordinary event with no evidence provided in story number 177.,FAKE
Viral Rumor 178,Anonymous sources claim an extraordinary event with no evidence provided in story number 178.,FAKE
Viral Rumor 179,Anonymous sources claim an extraordinary event with no evidence provided in story number 179.,FAKE
Viral Rumor 180,Anonymous sources claim an extraordinary event with no evidence provided in story number 180.,FAKE
Viral Rumor 181,Anonymous sources claim an extraordinary event with no evidence provided in story number 181.,FAKE
Viral Rumor 182,Anonymous sources claim an extraordinary event with no evidence provided in story number 182.,FAKE
Viral Rumor 183,Anonymous sources claim an extraordinary event with no evidence provided in story number 183.,FAKE
Viral Rumor 184,Anonymous sources claim an extraordinary event with no evidence provided in story number 184.,FAKE
Viral Rumor 185,Anonymous sources claim an extraordinary event with no evidence provided in story number 185.,FAKE
Viral Rumor 186,Anonymous sources claim an extraordinary event with no evidence provided in story number 186.,FAKE
Viral Rumor 187,Anonymous sources claim an extraordinary event with no evidence provided in story number 187.,FAKE
Viral Rumor 188,Anonymous sources claim an extraordinary event with no evidence provided in story number 188.,FAKE
Viral Rumor 189,Anonymous sources claim an extraordinary event with no evidence provided in story number 189.,FAKE
Viral Rumor 190,Anonymous sources claim an extraordinary event with no evidence provided in story number 190.,FAKE
Viral Rumor 191,Anonymous sources claim an extraordinary event with no evidence provided in story number 191.,FAKE
Viral Rumor 192,Anonymous sources claim an extraordinary event with no evidence provided in story number 192.,FAKE
Viral Rumor 193,Anonymous sources claim an extraordinary event with no evidence provided in story number 193.,FAKE
Viral Rumor 194,Anonymous sources claim an extraordinary event with no evidence provided in story number 194.,FAKE
Viral Rumor 195,Anonymous sources claim an extraordinary event with no evidence provided in story number 195.,FAKE
Viral Rumor 196,Anonymous sources claim an extraordinary event with no evidence provided in story number 196.,FAKE
Viral Rumor 197,Anonymous sources claim an extraordinary event with no evidence provided in story number 197.,FAKE
Viral Rumor 198,Anonymous sources claim an extraordinary event with no evidence provided in story number 198.,FAKE
Viral Rumor 199,Anonymous sources claim an extraordinary event with no evidence provided in story number 199.,FAKE
Viral Rumor 200,Anonymous sources claim an extraordinary event with no evidence provided in story number 200.,FAKE
Viral Rumor 201,Anonymous sources claim an extraordinary event with no evidence provided in story number 201.,FAKE
Viral Rumor 202,Anonymous sources claim an extraordinary event with no evidence provided in story number 202.,FAKE
Viral Rumor 203,Anonymous sources claim an extraordinary event with no evidence provided in story number 203.,FAKE
Viral Rumor 204,Anonymous sources claim an extraordinary event with no evidence provided in story number 204.,FAKE
Viral Rumor 205,Anonymous sources claim an extraordinary event with no evidence provided in story number 205.,FAKE
Viral Rumor 206,Anonymous sources claim an extraordinary event with no evidence provided in story number 206.,FAKE
Viral Rumor 207,Anonymous sources claim an extraordinary event with no evidence provided in story number 207.,FAKE
Viral Rumor 208,Anonymous sources claim an extraordinary event with no evidence provided in story number 208.,FAKE
Viral Rumor 209,Anonymous sources claim an extraordinary event with no evidence provided in story number 209.,FAKE
Viral Rumor 210,Anonymous sources claim an extraordinary event with no evidence provided in story number 210.,FAKE
Viral Rumor 211,Anonymous sources claim an extraordinary event with no evidence provided in story number 211.,FAKE
Viral Rumor 212,Anonymous sources claim an extraordinary event with no evidence provided in story number 212.,FAKE
Viral Rumor 213,Anonymous sources claim an extraordinary event with no evidence provided in story number 213.,FAKE
Viral Rumor 214,Anonymous sources claim an extraordinary event with no evidence provided in story number 214.,FAKE
Viral Rumor 215,Anonymous sources claim an extraordinary event with no evidence provided in story number 215.,FAKE
Viral Rumor 216,Anonymous sources claim an extraordinary event with no evidence provided in story number 216.,FAKE
Viral Rumor 217,Anonymous sources claim an extraordinary event with no evidence provided in story number 217.,FAKE
Viral Rumor 218,Anonymous sources claim an extraordinary event with no evidence provided in story number 218.,FAKE
Viral Rumor 219,Anonymous sources claim an extraordinary event with no evidence provided in story number 219.,FAKE
Viral Rumor 220,Anonymous sources claim an extraordinary event with no evidence provided in story number 220.,FAKE
Viral Rumor 221,Anonymous sources claim an extraordinary event with no evidence provided in story number 221.,FAKE
Viral Rumor 222,Anonymous sources claim an extraordinary event with no evidence provided in story number 222.,FAKE
Viral Rumor 223,Anonymous sources claim an extraordinary event with no evidence provided in story number 223.,FAKE
Viral Rumor 224,Anonymous sources claim an extraordinary event with no evidence provided in story number 224.,FAKE
Viral Rumor 225,Anonymous sources claim an extraordinary event with no evidence provided in story number 225.,FAKE
Viral Rumor 226,Anonymous sources claim an extraordinary event with no evidence provided in story number 226.,FAKE
Viral Rumor 227,Anonymous sources claim an extraordinary event with no evidence provided in story number 227.,FAKE
Viral Rumor 228,Anonymous sources claim an extraordinary event with no evidence provided in story number 228.,FAKE
Viral Rumor 229,Anonymous sources claim an extraordinary event with no evidence provided in story number 229.,FAKE
Viral Rumor 230,Anonymous sources claim an extraordinary event with no evidence provided in story number 230.,FAKE
Viral Rumor 231,Anonymous sources claim an extraordinary event with no evidence provided in story number 231.,FAKE
Viral Rumor 232,Anonymous sources claim an extraordinary event with no evidence provided in story number 232.,FAKE
Viral Rumor 233,Anonymous sources claim an extraordinary event with no evidence provided in story number 233.,FAKE
Viral Rumor 234,Anonymous sources claim an extraordinary event with no evidence provided in story number 234.,FAKE
Viral Rumor 235,Anonymous sources claim an extraordinary event with no evidence provided in story number 235.,FAKE
Viral Rumor 236,Anonymous sources claim an extraordinary event with no evidence provided in story number 236.,FAKE
Viral Rumor 237,Anonymous sources claim an extraordinary event with no evidence provided in story number 237.,FAKE
Viral Rumor 238,Anonymous sources claim an extraordinary event with no evidence provided in story number 238.,FAKE
Viral Rumor 239,Anonymous sources claim an extraordinary event with no evidence provided in story number 239.,FAKE
Viral Rumor 240,Anonymous sources claim an extraordinary event with no evidence provided in story number 240.,FAKE
Viral Rumor 241,Anonymous sources claim an extraordinary event with no evidence provided in story number 241.,FAKE
Viral Rumor 242,Anonymous sources claim an extraordinary event with no evidence provided in story number 242.,FAKE
Viral Rumor 243,Anonymous sources claim an extraordinary event with no evidence provided in story number 243.,FAKE
Viral Rumor 244,Anonymous sources claim an extraordinary event with no evidence provided in story number 244.,FAKE
Viral Rumor 245,Anonymous sources claim an extraordinary event with no evidence provided in story number 245.,FAKE
Viral Rumor 246,Anonymous sources claim an extraordinary event with no evidence provided in story number 246.,FAKE
Viral Rumor 247,Anonymous sources claim an extraordinary event with no evidence provided in story number 247.,FAKE
Viral Rumor 248,Anonymous sources claim an extraordinary event with no evidence provided in story number 248.,FAKE
Viral Rumor 249,Anonymous sources claim an extraordinary event with no evidence provided in story number 249.,FAKE
Viral Rumor 250,Anonymous sources claim an extraordinary event with no evidence provided in story number 250.,FAKE
Viral Rumor 251,Anonymous sources claim an extraordinary event with no evidence provided in story number 251.,FAKE
Viral Rumor 252,Anonymous sources claim an extraordinary event with no evidence provided in story number 252.,FAKE
Viral Rumor 253,Anonymous sources claim an extraordinary event with no evidence provided in story number 253.,FAKE
Viral Rumor 254,Anonymous sources claim an extraordinary event with no evidence provided in story number 254.,FAKE
Viral Rumor 255,Anonymous sources claim an extraordinary event with no evidence provided in story number 255.,FAKE
Viral Rumor 256,Anonymous sources claim an extraordinary event with no evidence provided in story number 256.,FAKE
Viral Rumor 257,Anonymous sources claim an extraordinary event with no evidence provided in story number 257.,FAKE
Viral Rumor 258,Anonymous sources claim an extraordinary event with no evidence provided in story number 258.,FAKE
Viral Rumor 259,Anonymous sources claim an extraordinary event with no evidence provided in story number 259.,FAKE
Viral Rumor 260,Anonymous sources claim an extraordinary event with no evidence provided in story number 260.,FAKE
Viral Rumor 261,Anonymous sources claim an extraordinary event with no evidence provided in story number 261.,FAKE
Viral Rumor 262,Anonymous sources claim an extraordinary event with no evidence provided in story number 262.,FAKE
Viral Rumor 263,Anonymous sources claim an extraordinary event with no evidence provided in story number 263.,FAKE
Viral Rumor 264,Anonymous sources claim an extraordinary event with no evidence provided in story number 264.,FAKE
Viral Rumor 265,Anonymous sources claim an extraordinary event with no evidence provided in story number 265.,FAKE
Viral Rumor 266,Anonymous sources claim an extraordinary event with no evidence provided in story number 266.,FAKE
Viral Rumor 267,Anonymous sources claim an extraordinary event with no evidence provided in story number 267.,FAKE
Viral Rumor 268,Anonymous sources claim an extraordinary event with no evidence provided in story number 268.,FAKE
Viral Rumor 269,Anonymous sources claim an extraordinary event with no evidence provided in story number 269.,FAKE
Viral Rumor 270,Anonymous sources claim an extraordinary event with no evidence provided in story number 270.,FAKE
Viral Rumor 271,Anonymous sources claim an extraordinary event with no evidence provided in story number 271.,FAKE
Viral Rumor 272,Anonymous sources claim an extraordinary event with no evidence provided in story number 272.,FAKE
Viral Rumor 273,Anonymous sources claim an extraordinary event with no evidence provided in story number 273.,FAKE
Viral Rumor 274,Anonymous sources claim an extraordinary event with no evidence provided in story number 274.,FAKE
Viral Rumor 275,Anonymous sources claim an extraordinary event with no evidence provided in story number 275.,FAKE
Viral Rumor 276,Anonymous sources claim an extraordinary event with no evidence provided in story number 276.,FAKE
Viral Rumor 277,Anonymous sources claim an extraordinary event with no evidence provided in story number 277.,FAKE
Viral Rumor 278,Anonymous sources claim an extraordinary event with no evidence provided in story number 278.,FAKE
Viral Rumor 279,Anonymous sources claim an extraordinary event with no evidence provided in story number 279.,FAKE
Viral Rumor 280,Anonymous sources claim an extraordinary event with no evidence provided in story number 280.,FAKE
Viral Rumor 281,Anonymous sources claim an extraordinary event with no evidence provided in story number 281.,FAKE
Viral Rumor 282,Anonymous sources claim an extraordinary event with no evidence provided in story number 282.,FAKE
Viral Rumor 283,Anonymous sources claim an extraordinary event with no evidence provided in story number 283.,FAKE
Viral Rumor 284,Anonymous sources claim an extraordinary event with no evidence provided in story number 284.,FAKE
Viral Rumor 285,Anonymous sources claim an extraordinary event with no evidence provided in story number 285.,FAKE
Viral Rumor 286,Anonymous sources claim an extraordinary event with no evidence provided in story number 286.,FAKE
Viral Rumor 287,Anonymous sources claim an extraordinary event with no evidence provided in story number 287.,FAKE
Viral Rumor 288,Anonymous sources claim an extraordinary event with no evidence provided in story number 288.,FAKE
Viral Rumor 289,Anonymous sources claim an extraordinary event with no evidence provided in story number 289.,FAKE
Viral Rumor 290,Anonymous sources claim an extraordinary event with no evidence provided in story number 290.,FAKE
Viral Rumor 291,Anonymous sources claim an extraordinary event with no evidence provided in story number 291.,FAKE
Viral Rumor 292,Anonymous sources claim an extraordinary event with no evidence provided in story number 292.,FAKE
Viral Rumor 293,Anonymous sources claim an extraordinary event with no evidence provided in story number 293.,FAKE
Viral Rumor 294,Anonymous sources claim an extraordinary event with no evidence provided in story number 294.,FAKE
Viral Rumor 295,Anonymous sources claim an extraordinary event with no evidence provided in story number 295.,FAKE
Viral Rumor 296,Anonymous sources claim an extraordinary event with no evidence provided in story number 296.,FAKE
Viral Rumor 297,Anonymous sources claim an extraordinary event with no evidence provided in story number 297.,FAKE
Viral Rumor 298,Anonymous sources claim an extraordinary event with no evidence provided in story number 298.,FAKE
Viral Rumor 299,Anonymous sources claim an extraordinary event with no evidence provided in story number 299.,FAKE
Viral Rumor 300,Anonymous sources claim an extraordinary event with no evidence provided in story number 300.,FAKE
Viral Rumor 301,Anonymous sources claim an extraordinary event with no evidence provided in story number 301.,FAKE
Viral Rumor 302,Anonymous sources claim an extraordinary event with no evidence provided in story number 302.,FAKE
Viral Rumor 303,Anonymous sources claim an extraordinary event with no evidence provided in story number 303.,FAKE
Viral Rumor 304,Anonymous sources claim an extraordinary event with no evidence provided in story number 304.,FAKE
Viral Rumor 305,Anonymous sources claim an extraordinary event with no evidence provided in story number 305.,FAKE
Viral Rumor 306,Anonymous sources claim an extraordinary event with no evidence provided in story number 306.,FAKE
Viral Rumor 307,Anonymous sources claim an extraordinary event with no evidence provided in story number 307.,FAKE
Viral Rumor 308,Anonymous sources claim an extraordinary event with no evidence provided in story number 308.,FAKE
Viral Rumor 309,Anonymous sources claim an extraordinary event with no evidence provided in story number 309.,FAKE
Viral Rumor 310,Anonymous sources claim an extraordinary event with no evidence provided in story number 310.,FAKE
Viral Rumor 311,Anonymous sources claim an extraordinary event with no evidence provided in story number 311.,FAKE
Viral Rumor 312,Anonymous sources claim an extraordinary event with no evidence provided in story number 312.,FAKE
Viral Rumor 313,Anonymous sources claim an extraordinary event with no evidence provided in story number 313.,FAKE
Viral Rumor 314,Anonymous sources claim an extraordinary event with no evidence provided in story number 314.,FAKE
Viral Rumor 315,Anonymous sources claim an extraordinary event with no evidence provided in story number 315.,FAKE
Viral Rumor 316,Anonymous sources claim an extraordinary event with no evidence provided in story number 316.,FAKE
Viral Rumor 317,Anonymous sources claim an extraordinary event with no evidence provided in story number 317.,FAKE
Viral Rumor 318,Anonymous sources claim an extraordinary event with no evidence provided in story number 318.,FAKE
Viral Rumor 319,Anonymous sources claim an extraordinary event with no evidence provided in story number 319.,FAKE
Viral Rumor 320,Anonymous sources claim an extraordinary event with no evidence provided in story number 320.,FAKE
Viral Rumor 321,Anonymous sources claim an extraordinary event with no evidence provided in story number 321.,FAKE
Viral Rumor 322,Anonymous sources claim an extraordinary event with no evidence provided in story number 322.,FAKE
Viral Rumor 323,Anonymous sources claim an extraordinary event with no evidence provided in story number 323.,FAKE
Viral Rumor 324,Anonymous sources claim an extraordinary event with no evidence provided in story number 324.,FAKE
Viral Rumor 325,Anonymous sources claim an extraordinary event with no evidence provided in story number 325.,FAKE
Viral Rumor 326,Anonymous sources claim an extraordinary event with no evidence provided in story number 326.,FAKE
Viral Rumor 327,Anonymous sources claim an extraordinary event with no evidence provided in story number 327.,FAKE
Viral Rumor 328,Anonymous sources claim an extraordinary event with no evidence provided in story number 328.,FAKE
Viral Rumor 329,Anonymous sources claim an extraordinary event with no evidence provided in story number 329.,FAKE
Viral Rumor 330,Anonymous sources claim an extraordinary event with no evidence provided in story number 330.,FAKE
Viral Rumor 331,Anonymous sources claim an extraordinary event with no evidence provided in story number 331.,FAKE
Viral Rumor 332,Anonymous sources claim an extraordinary event with no evidence provided in story number 332.,FAKE
Viral Rumor 333,Anonymous sources claim an extraordinary event with no evidence provided in story number 333.,FAKE
Viral Rumor 334,Anonymous sources claim an extraordinary event with no evidence provided in story number 334.,FAKE
Viral Rumor 335,Anonymous sources claim an extraordinary event with no evidence provided in story number 335.,FAKE
Viral Rumor 336,Anonymous sources claim an extraordinary event with no evidence provided in story number 336.,FAKE
Viral Rumor 337,Anonymous sources claim an extraordinary event with no evidence provided in story number 337.,FAKE
Viral Rumor 338,Anonymous sources claim an extraordinary event with no evidence provided in story number 338.,FAKE
Viral Rumor 339,Anonymous sources claim an extraordinary event with no evidence provided in story number 339.,FAKE
Viral Rumor 340,Anonymous sources claim an extraordinary event with no evidence provided in story number 340.,FAKE
Viral Rumor 341,Anonymous sources claim an extraordinary event with no evidence provided in story number 341.,FAKE
Viral Rumor 342,Anonymous sources claim an extraordinary event with no evidence provided in story number 342.,FAKE
Viral Rumor 343,Anonymous sources claim an extraordinary event with no evidence provided in story number 343.,FAKE
Viral Rumor 344,Anonymous sources claim an extraordinary event with no evidence provided in story number 344.,FAKE
Viral Rumor 345,Anonymous sources claim an extraordinary event with no evidence provided in story number 345.,FAKE
Viral Rumor 346,Anonymous sources claim an extraordinary event with no evidence provided in story number 346.,FAKE
Viral Rumor 347,Anonymous sources claim an extraordinary event with no evidence provided in story number 347.,FAKE
Viral Rumor 348,Anonymous sources claim an extraordinary event with no evidence provided in story number 348.,FAKE
Viral Rumor 349,Anonymous sources claim an extraordinary event with no evidence provided in story number 349.,FAKE
Viral Rumor 350,Anonymous sources claim an extraordinary event with no evidence provided in story number 350.,FAKE
Viral Rumor 351,Anonymous sources claim an extraordinary event with no evidence provided in story number 351.,FAKE
Viral Rumor 352,Anonymous sources claim an extraordinary event with no evidence provided in story number 352.,FAKE
Viral Rumor 353,Anonymous sources claim an extraordinary event with no evidence provided in story number 353.,FAKE
Viral Rumor 354,Anonymous sources claim an extraordinary event with no evidence provided in story number 354.,FAKE
Viral Rumor 355,Anonymous sources claim an extraordinary event with no evidence provided in story number 355.,FAKE
Viral Rumor 356,Anonymous sources claim an extraordinary event with no evidence provided in story number 356.,FAKE
Viral Rumor 357,Anonymous sources claim an extraordinary event with no evidence provided in story number 357.,FAKE
Viral Rumor 358,Anonymous sources claim an extraordinary event with no evidence provided in story number 358.,FAKE
Viral Rumor 359,Anonymous sources claim an extraordinary event with no evidence provided in story number 359.,FAKE
Viral Rumor 360,Anonymous sources claim an extraordinary event with no evidence provided in story number 360.,FAKE
Viral Rumor 361,Anonymous sources claim an extraordinary event with no evidence provided in story number 361.,FAKE
Viral Rumor 362,Anonymous sources claim an extraordinary event with no evidence provided in story number 362.,FAKE
Viral Rumor 363,Anonymous sources claim an extraordinary event with no evidence provided in story number 363.,FAKE
Viral Rumor 364,Anonymous sources claim an extraordinary event with no evidence provided in story number 364.,FAKE
Viral Rumor 365,Anonymous sources claim an extraordinary event with no evidence provided in story number 365.,FAKE
Viral Rumor 366,Anonymous sources claim an extraordinary event with no evidence provided in story number 366.,FAKE
Viral Rumor 367,Anonymous sources claim an extraordinary event with no evidence provided in story number 367.,FAKE
Viral Rumor 368,Anonymous sources claim an extraordinary event with no evidence provided in story number 368.,FAKE
Viral Rumor 369,Anonymous sources claim an extraordinary event with no evidence provided in story number 369.,FAKE
Viral Rumor 370,Anonymous sources claim an extraordinary event with no evidence provided in story number 370.,FAKE
Viral Rumor 371,Anonymous sources claim an extraordinary event with no evidence provided in story number 371.,FAKE
Viral Rumor 372,Anonymous sources claim an extraordinary event with no evidence provided in story number 372.,FAKE
Viral Rumor 373,Anonymous sources claim an extraordinary event with no evidence provided in story number 373.,FAKE
Viral Rumor 374,Anonymous sources claim an extraordinary event with no evidence provided in story number 374.,FAKE
Viral Rumor 375,Anonymous sources claim an extraordinary event with no evidence provided in story number 375.,FAKE
Viral Rumor 376,Anonymous sources claim an extraordinary event with no evidence provided in story number 376.,FAKE
Viral Rumor 377,Anonymous sources claim an extraordinary event with no evidence provided in story number 377.,FAKE
Viral Rumor 378,Anonymous sources claim an extraordinary event with no evidence provided in story number 378.,FAKE
Viral Rumor 379,Anonymous sources claim an extraordinary event with no evidence provided in story number 379.,FAKE
Viral Rumor 380,Anonymous sources claim an extraordinary event with no evidence provided in story number 380.,FAKE
Viral Rumor 381,Anonymous sources claim an extraordinary event with no evidence provided in story number 381.,FAKE
Viral Rumor 382,Anonymous sources claim an extraordinary event with no evidence provided in story number 382.,FAKE
Viral Rumor 383,Anonymous sources claim an extraordinary event with no evidence provided in story number 383.,FAKE
Viral Rumor 384,Anonymous sources claim an extraordinary event with no evidence provided in story number 384.,FAKE
Viral Rumor 385,Anonymous sources claim an extraordinary event with no evidence provided in story number 385.,FAKE
Viral Rumor 386,Anonymous sources claim an extraordinary event with no evidence provided in story number 386.,FAKE
Viral Rumor 387,Anonymous sources claim an extraordinary event with no evidence provided in story number 387.,FAKE
Viral Rumor 388,Anonymous sources claim an extraordinary event with no evidence provided in story number 388.,FAKE
Viral Rumor 389,Anonymous sources claim an extraordinary event with no evidence provided in story number 389.,FAKE
Viral Rumor 390,Anonymous sources claim an extraordinary event with no evidence provided in story number 390.,FAKE
Viral Rumor 391,Anonymous sources claim an extraordinary event with no evidence provided in story number 391.,FAKE
Viral Rumor 392,Anonymous sources claim an extraordinary event with no evidence provided in story number 392.,FAKE
Viral Rumor 393,Anonymous sources claim an extraordinary event with no evidence provided in story number 393.,FAKE
Viral Rumor 394,Anonymous sources claim an extraordinary event with no evidence provided in story number 394.,FAKE
Viral Rumor 395,Anonymous sources claim an extraordinary event with no evidence provided in story number 395.,FAKE
Viral Rumor 396,Anonymous sources claim an extraordinary event with no evidence provided in story number 396.,FAKE
Viral Rumor 397,Anonymous sources claim an extraordinary event with no evidence provided in story number 397.,FAKE
Viral Rumor 398,Anonymous sources claim an extraordinary event with no evidence provided in story number 398.,FAKE
Viral Rumor 399,Anonymous sources claim an extraordinary event with no evidence provided in story number 399.,FAKE
Viral Rumor 400,Anonymous sources claim an extraordinary event with no evidence provided in story number 400.,FAKE
Viral Rumor 401,Anonymous sources claim an extraordinary event with no evidence provided in story number 401.,FAKE
Viral Rumor 402,Anonymous sources claim an extraordinary event with no evidence provided in story number 402.,FAKE
Viral Rumor 403,Anonymous sources claim an extraordinary event with no evidence provided in story number 403.,FAKE
Viral Rumor 404,Anonymous sources claim an extraordinary event with no evidence provided in story number 404.,FAKE
Viral Rumor 405,Anonymous sources claim an extraordinary event with no evidence provided in story number 405.,FAKE
Viral Rumor 406,Anonymous sources claim an extraordinary event with no evidence provided in story number 406.,FAKE
Viral Rumor 407,Anonymous sources claim an extraordinary event with no evidence provided in story number 407.,FAKE
Viral Rumor 408,Anonymous sources claim an extraordinary event with no evidence provided in story number 408.,FAKE
Viral Rumor 409,Anonymous sources claim an extraordinary event with no evidence provided in story number 409.,FAKE
Viral Rumor 410,Anonymous sources claim an extraordinary event with no evidence provided in story number 410.,FAKE
Viral Rumor 411,Anonymous sources claim an extraordinary event with no evidence provided in story number 411.,FAKE
Viral Rumor 412,Anonymous sources claim an extraordinary event with no evidence provided in story number 412.,FAKE
Viral Rumor 413,Anonymous sources claim an extraordinary event with no evidence provided in story number 413.,FAKE
Viral Rumor 414,Anonymous sources claim an extraordinary event with no evidence provided in story number 414.,FAKE
Viral Rumor 415,Anonymous sources claim an extraordinary event with no evidence provided in story number 415.,FAKE
Viral Rumor 416,Anonymous sources claim an extraordinary event with no evidence provided in story number 416.,FAKE
Viral Rumor 417,Anonymous sources claim an extraordinary event with no evidence provided in story number 417.,FAKE
Viral Rumor 418,Anonymous sources claim an extraordinary event with no evidence provided in story number 418.,FAKE
Viral Rumor 419,Anonymous sources claim an extraordinary event with no evidence provided in story number 419.,FAKE
Viral Rumor 420,Anonymous sources claim an extraordinary event with no evidence provided in story number 420.,FAKE
Viral Rumor 421,Anonymous sources claim an extraordinary event with no evidence provided in story number 421.,FAKE
Viral Rumor 422,Anonymous sources claim an extraordinary event with no evidence provided in story number 422.,FAKE
Viral Rumor 423,Anonymous sources claim an extraordinary event with no evidence provided in story number 423.,FAKE
Viral Rumor 424,Anonymous sources claim an extraordinary event with no evidence provided in story number 424.,FAKE
Viral Rumor 425,Anonymous sources claim an extraordinary event with no evidence provided in story number 425.,FAKE
Viral Rumor 426,Anonymous sources claim an extraordinary event with no evidence provided in story number 426.,FAKE
Viral Rumor 427,Anonymous sources claim an extraordinary event with no evidence provided in story number 427.,FAKE
Viral Rumor 428,Anonymous sources claim an extraordinary event with no evidence provided in story number 428.,FAKE
Viral Rumor 429,Anonymous sources claim an extraordinary event with no evidence provided in story number 429.,FAKE
Viral Rumor 430,Anonymous sources claim an extraordinary event with no evidence provided in story number 430.,FAKE
Viral Rumor 431,Anonymous sources claim an extraordinary event with no evidence provided in story number 431.,FAKE
Viral Rumor 432,Anonymous sources claim an extraordinary event with no evidence provided in story number 432.,FAKE
Viral Rumor 433,Anonymous sources claim an extraordinary event with no evidence provided in story number 433.,FAKE
Viral Rumor 434,Anonymous sources claim an extraordinary event with no evidence provided in story number 434.,FAKE
Viral Rumor 435,Anonymous sources claim an extraordinary event with no evidence provided in story number 435.,FAKE
Viral Rumor 436,Anonymous sources claim an extraordinary event with no evidence provided in story number 436.,FAKE
Viral Rumor 437,Anonymous sources claim an extraordinary event with no evidence provided in story number 437.,FAKE
Viral Rumor 438,Anonymous sources claim an extraordinary event with no evidence provided in story number 438.,FAKE
Viral Rumor 439,Anonymous sources claim an extraordinary event with no evidence provided in story number 439.,FAKE
Viral Rumor 440,Anonymous sources claim an extraordinary event with no evidence provided in story number 440.,FAKE
Viral Rumor 441,Anonymous sources claim an extraordinary event with no evidence provided in story number 441.,FAKE
Viral Rumor 442,Anonymous sources claim an extraordinary event with no evidence provided in story number 442.,FAKE
Viral Rumor 443,Anonymous sources claim an extraordinary event with no evidence provided in story number 443.,FAKE
Viral Rumor 444,Anonymous sources claim an extraordinary event with no evidence provided in story number 444.,FAKE
Viral Rumor 445,Anonymous sources claim an extraordinary event with no evidence provided in story number 445.,FAKE
Viral Rumor 446,Anonymous sources claim an extraordinary event with no evidence provided in story number 446.,FAKE
Viral Rumor 447,Anonymous sources claim an extraordinary event with no evidence provided in story number 447.,FAKE
Viral Rumor 448,Anonymous sources claim an extraordinary event with no evidence provided in story number 448.,FAKE
Viral Rumor 449,Anonymous sources claim an extraordinary event with no evidence provided in story number 449.,FAKE
Viral Rumor 450,Anonymous sources claim an extraordinary event with no evidence provided in story number 450.,FAKE
Viral Rumor 451,Anonymous sources claim an extraordinary event with no evidence provided in story number 451.,FAKE
Viral Rumor 452,Anonymous sources claim an extraordinary event with no evidence provided in story number 452.,FAKE
Viral Rumor 453,Anonymous sources claim an extraordinary event with no evidence provided in story number 453.,FAKE
Viral Rumor 454,Anonymous sources claim an extraordinary event with no evidence provided in story number 454.,FAKE
Viral Rumor 455,Anonymous sources claim an extraordinary event with no evidence provided in story number 455.,FAKE
Viral Rumor 456,Anonymous sources claim an extraordinary event with no evidence provided in story number 456.,FAKE
Viral Rumor 457,Anonymous sources claim an extraordinary event with no evidence provided in story number 457.,FAKE
Viral Rumor 458,Anonymous sources claim an extraordinary event with no evidence provided in story number 458.,FAKE
Viral Rumor 459,Anonymous sources claim an extraordinary event with no evidence provided in story number 459.,FAKE
Viral Rumor 460,Anonymous sources claim an extraordinary event with no evidence provided in story number 460.,FAKE
Viral Rumor 461,Anonymous sources claim an extraordinary event with no evidence provided in story number 461.,FAKE
Viral Rumor 462,Anonymous sources claim an extraordinary event with no evidence provided in story number 462.,FAKE
Viral Rumor 463,Anonymous sources claim an extraordinary event with no evidence provided in story number 463.,FAKE
Viral Rumor 464,Anonymous sources claim an extraordinary event with no evidence provided in story number 464.,FAKE
Viral Rumor 465,Anonymous sources claim an extraordinary event with no evidence provided in story number 465.,FAKE
Viral Rumor 466,Anonymous sources claim an extraordinary event with no evidence provided in story number 466.,FAKE
Viral Rumor 467,Anonymous sources claim an extraordinary event with no evidence provided in story number 467.,FAKE
Viral Rumor 468,Anonymous sources claim an extraordinary event with no evidence provided in story number 468.,FAKE
Viral Rumor 469,Anonymous sources claim an extraordinary event with no evidence provided in story number 469.,FAKE
Viral Rumor 470,Anonymous sources claim an extraordinary event with no evidence provided in story number 470.,FAKE
Viral Rumor 471,Anonymous sources claim an extraordinary event with no evidence provided in story number 471.,FAKE
Viral Rumor 472,Anonymous sources claim an extraordinary event with no evidence provided in story number 472.,FAKE
Viral Rumor 473,Anonymous sources claim an extraordinary event with no evidence provided in story number 473.,FAKE
Viral Rumor 474,Anonymous sources claim an extraordinary event with no evidence provided in story number 474.,FAKE
Viral Rumor 475,Anonymous sources claim an extraordinary event with no evidence provided in story number 475.,FAKE
Viral Rumor 476,Anonymous sources claim an extraordinary event with no evidence provided in story number 476.,FAKE
Viral Rumor 477,Anonymous sources claim an extraordinary event with no evidence provided in story number 477.,FAKE
Viral Rumor 478,Anonymous sources claim an extraordinary event with no evidence provided in story number 478.,FAKE
Viral Rumor 479,Anonymous sources claim an extraordinary event with no evidence provided in story number 479.,FAKE
Viral Rumor 480,Anonymous sources claim an extraordinary event with no evidence provided in story number 480.,FAKE
Viral Rumor 481,Anonymous sources claim an extraordinary event with no evidence provided in story number 481.,FAKE
Viral Rumor 482,Anonymous sources claim an extraordinary event with no evidence provided in story number 482.,FAKE
Viral Rumor 483,Anonymous sources claim an extraordinary event with no evidence provided in story number 483.,FAKE
Viral Rumor 484,Anonymous sources claim an extraordinary event with no evidence provided in story number 484.,FAKE
Viral Rumor 485,Anonymous sources claim an extraordinary event with no evidence provided in story number 485.,FAKE
Viral Rumor 486,Anonymous sources claim an extraordinary event with no evidence provided in story number 486.,FAKE
Viral Rumor 487,Anonymous sources claim an extraordinary event with no evidence provided in story number 487.,FAKE
Viral Rumor 488,Anonymous sources claim an extraordinary event with no evidence provided in story number 488.,FAKE
Viral Rumor 489,Anonymous sources claim an extraordinary event with no evidence provided in story number 489.,FAKE
Viral Rumor 490,Anonymous sources claim an extraordinary event with no evidence provided in story number 490.,FAKE
Viral Rumor 491,Anonymous sources claim an extraordinary event with no evidence provided in story number 491.,FAKE
Viral Rumor 492,Anonymous sources claim an extraordinary event with no evidence provided in story number 492.,FAKE
Viral Rumor 493,Anonymous sources claim an extraordinary event with no evidence provided in story number 493.,FAKE
Viral Rumor 494,Anonymous sources claim an extraordinary event with no evidence provided in story number 494.,FAKE
Viral Rumor 495,Anonymous sources claim an extraordinary event with no evidence provided in story number 495.,FAKE
Viral Rumor 496,Anonymous sources claim an extraordinary event with no evidence provided in story number 496.,FAKE
Viral Rumor 497,Anonymous sources claim an extraordinary event with no evidence provided in story number 497.,FAKE
Viral Rumor 498,Anonymous sources claim an extraordinary event with no evidence provided in story number 498.,FAKE
Viral Rumor 499,Anonymous sources claim an extraordinary event with no evidence provided in story number 499.,FAKE
Viral Rumor 500,Anonymous sources claim an extraordinary event with no evidence provided in story number 500.,FAKE
